{
  "city_key": "AUSHIGH",
  "forecast_source": "mos_gfs_18z_archive",
  "month": 11,
  "n_samples": 90,
  "pmf_error": {
    "-1": 0.17777777777777778,
    "-13": 0.011111111111111112,
    "-2": 0.2111111111111111,
    "-3": 0.1111111111111111,
    "-4": 0.011111111111111112,
    "-5": 0.06666666666666667,
    "-7": 0.011111111111111112,
    "0": 0.08888888888888889,
    "1": 0.1111111111111111,
    "12": 0.011111111111111112,
    "2": 0.06666666666666667,
    "3": 0.011111111111111112,
    "4": 0.044444444444444446,
    "5": 0.011111111111111112,
    "6": 0.03333333333333333,
    "8": 0.022222222222222223
  },
  "pmf_support": {
    "count": 16,
    "max": 12,
    "min": -13
  },
  "smoothing": {
    "error_mean": -0.5111111111111111,
    "error_std": 3.4229436469034282,
    "gaussian_mix": 0.0,
    "gaussian_support_std": 4.0,
    "laplace_alpha": 0.0,
    "min_tail_prob": null,
    "pure_gaussian": false,
    "use_tail_cutoff": false
  },
  "snapshot_hour_local": 18,
  "updated_at_utc": "2026-01-27T12:02:32.104053+00:00"
}