{
  "city_key": "AUSHIGH",
  "forecast_source": "mos_gfs_18z_archive",
  "month": 1,
  "n_samples": 91,
  "pmf_error": {
    "-1": 0.10424906232480562,
    "-10": 0.0057733225517174885,
    "-11": 0.0029917073533161,
    "-2": 0.09888906273812106,
    "-3": 0.08770987570318788,
    "-4": 0.0727399271753295,
    "-5": 0.05640548785206962,
    "-6": 0.040897238972357905,
    "-7": 0.027726225437891827,
    "-8": 0.01757565999722682,
    "-9": 0.010417335865115557,
    "0": 0.10275907483535185,
    "1": 0.09470923861472935,
    "2": 0.08161850516780789,
    "3": 0.065767155595093,
    "4": 0.04955113576557619,
    "5": 0.03490778554221693,
    "6": 0.02299403120834336,
    "7": 0.014162243762582167,
    "8": 0.008155923537159842
  },
  "pmf_support": {
    "count": 20,
    "max": 8,
    "min": -11
  },
  "smoothing": {
    "error_mean": -0.7142857142857143,
    "error_std": 3.8581602239891155,
    "gaussian_mix": 1.0,
    "gaussian_support_std": null,
    "laplace_alpha": 0.0,
    "min_tail_prob": 0.01,
    "pure_gaussian": true,
    "use_tail_cutoff": true
  },
  "snapshot_hour_local": 18,
  "updated_at_utc": "2026-01-27T11:32:33.962998+00:00"
}