{
  "city_key": "AUSHIGH",
  "forecast_source": "mos_gfs_18z_archive",
  "month": 3,
  "n_samples": 93,
  "pmf_error": {
    "-1": 0.12971042078629785,
    "-2": 0.12060825361860647,
    "-3": 0.10097631432296234,
    "-4": 0.07612062146752653,
    "-5": 0.05166845326544303,
    "-6": 0.0315783127158046,
    "-7": 0.017377716443441178,
    "-8": 0.00861066744635982,
    "-9": 0.0038416805751199825,
    "0": 0.1256067655140136,
    "1": 0.1095195173632517,
    "2": 0.08598255281097729,
    "3": 0.06078122852165993,
    "4": 0.03868734599277939,
    "5": 0.02217219686800118,
    "6": 0.011441654766443245,
    "7": 0.005316297521311866
  },
  "pmf_support": {
    "count": 17,
    "max": 7,
    "min": -9
  },
  "smoothing": {
    "error_mean": -0.8064516129032258,
    "error_std": 3.0874636022098327,
    "gaussian_mix": 1.0,
    "gaussian_support_std": null,
    "laplace_alpha": 0.0,
    "min_tail_prob": 0.01,
    "pure_gaussian": true,
    "use_tail_cutoff": true
  },
  "snapshot_hour_local": 18,
  "updated_at_utc": "2026-01-27T11:32:33.962998+00:00"
}