{
  "city_key": "AUSHIGH",
  "forecast_source": "mos_gfs_18z_archive",
  "month": 10,
  "n_samples": 93,
  "pmf_error": {
    "-1": 0.140609424851556,
    "-2": 0.14167146139414513,
    "-3": 0.1256875865443541,
    "-4": 0.09818484779925422,
    "-5": 0.06753651190137698,
    "-6": 0.040904854584554756,
    "-7": 0.02181489619173761,
    "-8": 0.010244093162620488,
    "-9": 0.004235805005552472,
    "0": 0.12288208195940961,
    "1": 0.09455941159039988,
    "2": 0.06407122572246558,
    "3": 0.03822639778929035,
    "4": 0.020081945695888455,
    "5": 0.009289455807394351
  },
  "pmf_support": {
    "count": 15,
    "max": 5,
    "min": -9
  },
  "smoothing": {
    "error_mean": -1.5591397849462365,
    "error_std": 2.803463163953285,
    "gaussian_mix": 1.0,
    "gaussian_support_std": null,
    "laplace_alpha": 0.0,
    "min_tail_prob": 0.01,
    "pure_gaussian": true,
    "use_tail_cutoff": true
  },
  "snapshot_hour_local": 18,
  "updated_at_utc": "2026-01-27T11:32:33.962998+00:00"
}