{
  "city_key": "AUSHIGH",
  "forecast_source": "mos_gfs_18z_archive",
  "month": 12,
  "n_samples": 93,
  "pmf_error": {
    "-1": 0.1193824801084409,
    "-10": 0.0035041404744094785,
    "-2": 0.11477640586386904,
    "-3": 0.10103482855960755,
    "-4": 0.08143217983163749,
    "-5": 0.06009349675419463,
    "-6": 0.040603676101741155,
    "-7": 0.025119425204935344,
    "-8": 0.014228545397614588,
    "-9": 0.0073793443036803226,
    "0": 0.11369334298895752,
    "1": 0.09913703818102365,
    "2": 0.07914861265499355,
    "3": 0.057857163417617444,
    "4": 0.038723752169083164,
    "5": 0.023730352538948382,
    "6": 0.013314884761979496,
    "7": 0.006840330687266126
  },
  "pmf_support": {
    "count": 18,
    "max": 7,
    "min": -10
  },
  "smoothing": {
    "error_mean": -1.053763440860215,
    "error_std": 3.367669151495177,
    "gaussian_mix": 1.0,
    "gaussian_support_std": null,
    "laplace_alpha": 0.0,
    "min_tail_prob": 0.01,
    "pure_gaussian": true,
    "use_tail_cutoff": true
  },
  "snapshot_hour_local": 18,
  "updated_at_utc": "2026-01-27T11:32:33.962998+00:00"
}