{
  "city_key": "AUSHIGH",
  "forecast_source": "mos_gfs_18z_archive",
  "month": 8,
  "n_samples": 93,
  "pmf_error": {
    "-1": 0.1831815944885796,
    "-2": 0.13720500965629548,
    "-3": 0.08109905250319828,
    "-4": 0.03782851298009627,
    "-5": 0.01392452653215745,
    "-6": 0.004044820768329864,
    "0": 0.19299736477627222,
    "1": 0.16046436472462364,
    "2": 0.10528427258958634,
    "3": 0.05451375256858913,
    "4": 0.022274416402064564,
    "5": 0.007182312010207155
  },
  "pmf_support": {
    "count": 12,
    "max": 5,
    "min": -6
  },
  "smoothing": {
    "error_mean": -0.27956989247311825,
    "error_std": 2.0549734655317993,
    "gaussian_mix": 1.0,
    "gaussian_support_std": null,
    "laplace_alpha": 0.0,
    "min_tail_prob": 0.01,
    "pure_gaussian": true,
    "use_tail_cutoff": true
  },
  "snapshot_hour_local": 18,
  "updated_at_utc": "2026-01-27T11:32:33.962998+00:00"
}