{
  "city_key": "AUSHIGH",
  "forecast_source": "mos_gfs_18z_archive",
  "month": 5,
  "n_samples": 93,
  "pmf_error": {
    "-1": 0.11623998020599882,
    "-10": 0.0026449142153624856,
    "-2": 0.10737817398344766,
    "-3": 0.09108545832649996,
    "-4": 0.07095036406985211,
    "-5": 0.05074961539880861,
    "-6": 0.03333369282813899,
    "-7": 0.02010511906791094,
    "-8": 0.01113531267989715,
    "-9": 0.0056633151573527735,
    "0": 0.11554937135578434,
    "1": 0.10547564587691242,
    "2": 0.0884116196236051,
    "3": 0.068051710580375,
    "4": 0.04809958095119617,
    "5": 0.03121879140569407,
    "6": 0.018606445951977947,
    "7": 0.010183177461728666,
    "8": 0.005117710859456833
  },
  "pmf_support": {
    "count": 19,
    "max": 8,
    "min": -10
  },
  "smoothing": {
    "error_mean": -0.5698924731182796,
    "error_std": 3.424760723020419,
    "gaussian_mix": 1.0,
    "gaussian_support_std": null,
    "laplace_alpha": 0.0,
    "min_tail_prob": 0.01,
    "pure_gaussian": true,
    "use_tail_cutoff": true
  },
  "snapshot_hour_local": 18,
  "updated_at_utc": "2026-01-27T11:32:33.962998+00:00"
}