{
  "city_key": "AUSHIGH",
  "forecast_source": "mos_gfs_18z_archive",
  "month": 9,
  "n_samples": 90,
  "pmf_error": {
    "-1": 0.15555555555555556,
    "-14": 0.011111111111111112,
    "-2": 0.07777777777777778,
    "-3": 0.06666666666666667,
    "-4": 0.011111111111111112,
    "-6": 0.011111111111111112,
    "0": 0.23333333333333334,
    "1": 0.17777777777777778,
    "2": 0.12222222222222222,
    "3": 0.03333333333333333,
    "4": 0.05555555555555555,
    "5": 0.011111111111111112,
    "6": 0.022222222222222223,
    "9": 0.011111111111111112
  },
  "pmf_support": {
    "count": 14,
    "max": 9,
    "min": -14
  },
  "smoothing": {
    "error_mean": 0.25555555555555554,
    "error_std": 2.755040274402581,
    "gaussian_mix": 0.0,
    "gaussian_support_std": 4.0,
    "laplace_alpha": 0.0,
    "min_tail_prob": null,
    "pure_gaussian": false,
    "use_tail_cutoff": false
  },
  "snapshot_hour_local": 18,
  "updated_at_utc": "2026-01-27T12:02:32.104053+00:00"
}