{
  "city_key": "AUSHIGH",
  "forecast_source": "mos_gfs_18z_archive",
  "month": 6,
  "n_samples": 90,
  "pmf_error": {
    "-1": 0.14473321405805392,
    "-2": 0.14241468474582608,
    "-3": 0.12278878446711239,
    "-4": 0.09276411132370734,
    "-5": 0.06140710702535212,
    "-6": 0.03561841976938965,
    "-7": 0.018102894440171918,
    "-8": 0.00806192495427497,
    "-9": 0.0031459139862988505,
    "0": 0.1288839984815413,
    "1": 0.10056506918281365,
    "2": 0.06875632777153823,
    "3": 0.04119035650163621,
    "4": 0.021621996328431772,
    "5": 0.009945196963851589
  },
  "pmf_support": {
    "count": 15,
    "max": 5,
    "min": -9
  },
  "smoothing": {
    "error_mean": -1.3777777777777778,
    "error_std": 2.751071620610484,
    "gaussian_mix": 1.0,
    "gaussian_support_std": null,
    "laplace_alpha": 0.0,
    "min_tail_prob": 0.01,
    "pure_gaussian": true,
    "use_tail_cutoff": true
  },
  "snapshot_hour_local": 18,
  "updated_at_utc": "2026-01-27T11:32:33.962998+00:00"
}