{
  "city_key": "AUSHIGH",
  "forecast_source": "mos_gfs_18z_archive",
  "month": 2,
  "n_samples": 85,
  "pmf_error": {
    "-1": 0.11764705882352941,
    "-13": 0.011764705882352941,
    "-2": 0.09411764705882353,
    "-22": 0.011764705882352941,
    "-3": 0.058823529411764705,
    "-4": 0.03529411764705882,
    "-5": 0.08235294117647059,
    "-6": 0.023529411764705882,
    "-7": 0.011764705882352941,
    "-9": 0.047058823529411764,
    "0": 0.16470588235294117,
    "1": 0.15294117647058825,
    "12": 0.011764705882352941,
    "2": 0.07058823529411765,
    "3": 0.058823529411764705,
    "4": 0.011764705882352941,
    "5": 0.011764705882352941,
    "6": 0.011764705882352941,
    "8": 0.011764705882352941
  },
  "pmf_support": {
    "count": 19,
    "max": 12,
    "min": -22
  },
  "smoothing": {
    "error_mean": -1.2117647058823529,
    "error_std": 4.4061297346712704,
    "gaussian_mix": 0.0,
    "gaussian_support_std": 4.0,
    "laplace_alpha": 0.0,
    "min_tail_prob": null,
    "pure_gaussian": false,
    "use_tail_cutoff": false
  },
  "snapshot_hour_local": 18,
  "updated_at_utc": "2026-01-27T12:02:32.104053+00:00"
}