{
  "city_key": "AUSHIGH",
  "forecast_source": "mos_gfs_18z_archive",
  "month": 7,
  "n_samples": 93,
  "pmf_error": {
    "-1": 0.18431588869485155,
    "-2": 0.19383701509211584,
    "-3": 0.16032040083736496,
    "-4": 0.10428431776266142,
    "-5": 0.05334913181482525,
    "-6": 0.021464157474386958,
    "-7": 0.0067916996732208315,
    "-8": 0.0016901343889099507,
    "0": 0.1378373685505624,
    "1": 0.08106797220946889,
    "2": 0.037498145006839644,
    "3": 0.01364106869854792,
    "4": 0.003902699796244438
  },
  "pmf_support": {
    "count": 13,
    "max": 4,
    "min": -8
  },
  "smoothing": {
    "error_mean": -1.7096774193548387,
    "error_std": 2.040349143437104,
    "gaussian_mix": 1.0,
    "gaussian_support_std": null,
    "laplace_alpha": 0.0,
    "min_tail_prob": 0.01,
    "pure_gaussian": true,
    "use_tail_cutoff": true
  },
  "snapshot_hour_local": 18,
  "updated_at_utc": "2026-01-27T11:32:33.962998+00:00"
}