{
  "city_key": "AUSHIGH",
  "forecast_source": "mos_gfs_18z_archive",
  "month": 8,
  "n_samples": 93,
  "pmf_error": {
    "-1": 0.21505376344086022,
    "-2": 0.17204301075268819,
    "-3": 0.010752688172043012,
    "-4": 0.043010752688172046,
    "-5": 0.021505376344086023,
    "-7": 0.010752688172043012,
    "0": 0.13978494623655913,
    "1": 0.22580645161290322,
    "2": 0.08602150537634409,
    "3": 0.03225806451612903,
    "4": 0.043010752688172046
  },
  "pmf_support": {
    "count": 11,
    "max": 4,
    "min": -7
  },
  "smoothing": {
    "error_mean": -0.27956989247311825,
    "error_std": 2.0549734655317993,
    "gaussian_mix": 0.0,
    "gaussian_support_std": 4.0,
    "laplace_alpha": 0.0,
    "min_tail_prob": null,
    "pure_gaussian": false,
    "use_tail_cutoff": false
  },
  "snapshot_hour_local": 18,
  "updated_at_utc": "2026-01-27T12:02:32.104053+00:00"
}