{
  "city_key": "AUSHIGH",
  "forecast_source": "mos_gfs_18z_archive",
  "month": 4,
  "n_samples": 90,
  "pmf_error": {
    "-1": 0.12324801878912436,
    "-2": 0.11287385520266223,
    "-3": 0.09397225029487005,
    "-4": 0.07112114685330674,
    "-5": 0.048931748157995676,
    "-6": 0.030603815055182282,
    "-7": 0.017400160809010367,
    "-8": 0.008993397959033528,
    "-9": 0.004225588648082001,
    "0": 0.1223374407809857,
    "1": 0.11039049779079471,
    "2": 0.09055175015579675,
    "3": 0.0675234870118109,
    "4": 0.045772615710791935,
    "5": 0.028206516677733894,
    "6": 0.015801053329737358,
    "7": 0.008046656773081546
  },
  "pmf_support": {
    "count": 17,
    "max": 7,
    "min": -9
  },
  "smoothing": {
    "error_mean": -0.5777777777777777,
    "error_std": 3.2385791732993647,
    "gaussian_mix": 1.0,
    "gaussian_support_std": null,
    "laplace_alpha": 0.0,
    "min_tail_prob": 0.01,
    "pure_gaussian": true,
    "use_tail_cutoff": true
  },
  "snapshot_hour_local": 18,
  "updated_at_utc": "2026-01-27T11:32:33.962998+00:00"
}