{
  "city_key": "AUSHIGH",
  "forecast_source": "mos_gfs_18z_archive",
  "month": 11,
  "n_samples": 90,
  "pmf_error": {
    "-1": 0.11604256459262928,
    "-10": 0.0025137326079912887,
    "-2": 0.10665037711961839,
    "-3": 0.089999624334434,
    "-4": 0.06973522747827529,
    "-5": 0.049613169356724766,
    "-6": 0.032409695046468054,
    "-7": 0.019439547078035243,
    "-8": 0.010706081955366124,
    "-9": 0.005413874812688339,
    "0": 0.11593257049020576,
    "1": 0.10634739010978582,
    "2": 0.08957388922474056,
    "3": 0.06927383812832838,
    "4": 0.04919152581553958,
    "5": 0.03207336753097125,
    "6": 0.019201362744934322,
    "7": 0.010554867058253203,
    "8": 0.005327294515010521
  },
  "pmf_support": {
    "count": 19,
    "max": 8,
    "min": -10
  },
  "smoothing": {
    "error_mean": -0.5111111111111111,
    "error_std": 3.4229436469034282,
    "gaussian_mix": 1.0,
    "gaussian_support_std": null,
    "laplace_alpha": 0.0,
    "min_tail_prob": 0.01,
    "pure_gaussian": true,
    "use_tail_cutoff": true
  },
  "snapshot_hour_local": 18,
  "updated_at_utc": "2026-01-27T11:32:33.962998+00:00"
}