{
  "city_key": "AUSHIGH",
  "forecast_source": "mos_gfs_18z_archive",
  "month": 4,
  "n_samples": 90,
  "pmf_error": {
    "-1": 0.1,
    "-2": 0.1,
    "-3": 0.12222222222222222,
    "-4": 0.044444444444444446,
    "-5": 0.05555555555555555,
    "-6": 0.03333333333333333,
    "-7": 0.011111111111111112,
    "-8": 0.022222222222222223,
    "0": 0.13333333333333333,
    "1": 0.13333333333333333,
    "2": 0.08888888888888889,
    "3": 0.06666666666666667,
    "4": 0.03333333333333333,
    "5": 0.011111111111111112,
    "6": 0.022222222222222223,
    "7": 0.011111111111111112,
    "8": 0.011111111111111112
  },
  "pmf_support": {
    "count": 17,
    "max": 8,
    "min": -8
  },
  "smoothing": {
    "error_mean": -0.5777777777777777,
    "error_std": 3.2385791732993647,
    "gaussian_mix": 0.0,
    "gaussian_support_std": 4.0,
    "laplace_alpha": 0.0,
    "min_tail_prob": null,
    "pure_gaussian": false,
    "use_tail_cutoff": false
  },
  "snapshot_hour_local": 18,
  "updated_at_utc": "2026-01-27T12:02:32.104053+00:00"
}