{
  "city_key": "AUSHIGH",
  "forecast_source": "mos_gfs_18z_archive",
  "month": 1,
  "n_samples": 91,
  "pmf_error": {
    "-1": 0.10989010989010989,
    "-12": 0.01098901098901099,
    "-2": 0.15384615384615385,
    "-3": 0.07692307692307693,
    "-4": 0.0989010989010989,
    "-5": 0.04395604395604396,
    "-6": 0.01098901098901099,
    "-7": 0.02197802197802198,
    "-8": 0.01098901098901099,
    "-9": 0.01098901098901099,
    "0": 0.17582417582417584,
    "1": 0.03296703296703297,
    "11": 0.01098901098901099,
    "12": 0.01098901098901099,
    "2": 0.07692307692307693,
    "3": 0.06593406593406594,
    "4": 0.02197802197802198,
    "5": 0.01098901098901099,
    "6": 0.01098901098901099,
    "7": 0.02197802197802198,
    "8": 0.01098901098901099
  },
  "pmf_support": {
    "count": 21,
    "max": 12,
    "min": -12
  },
  "smoothing": {
    "error_mean": -0.7142857142857143,
    "error_std": 3.8581602239891155,
    "gaussian_mix": 0.0,
    "gaussian_support_std": 4.0,
    "laplace_alpha": 0.0,
    "min_tail_prob": null,
    "pure_gaussian": false,
    "use_tail_cutoff": false
  },
  "snapshot_hour_local": 18,
  "updated_at_utc": "2026-01-27T12:02:32.104053+00:00"
}