{
  "city_key": "AUSHIGH",
  "forecast_source": "mos_gfs_18z_archive",
  "month": 10,
  "n_samples": 93,
  "pmf_error": {
    "-1": 0.13978494623655913,
    "-2": 0.20430107526881722,
    "-3": 0.15053763440860216,
    "-4": 0.15053763440860216,
    "-5": 0.010752688172043012,
    "-6": 0.03225806451612903,
    "-7": 0.021505376344086023,
    "-9": 0.010752688172043012,
    "0": 0.08602150537634409,
    "1": 0.053763440860215055,
    "2": 0.06451612903225806,
    "3": 0.03225806451612903,
    "5": 0.021505376344086023,
    "6": 0.010752688172043012,
    "8": 0.010752688172043012
  },
  "pmf_support": {
    "count": 15,
    "max": 8,
    "min": -9
  },
  "smoothing": {
    "error_mean": -1.5591397849462365,
    "error_std": 2.803463163953285,
    "gaussian_mix": 0.0,
    "gaussian_support_std": 4.0,
    "laplace_alpha": 0.0,
    "min_tail_prob": null,
    "pure_gaussian": false,
    "use_tail_cutoff": false
  },
  "snapshot_hour_local": 18,
  "updated_at_utc": "2026-01-27T12:02:32.104053+00:00"
}