{
  "city_key": "AUSHIGH",
  "forecast_source": "mos_gfs_18z_archive",
  "month": 7,
  "n_samples": 93,
  "pmf_error": {
    "-1": 0.25806451612903225,
    "-2": 0.26881720430107525,
    "-3": 0.10752688172043011,
    "-4": 0.06451612903225806,
    "-5": 0.053763440860215055,
    "-6": 0.010752688172043012,
    "-8": 0.010752688172043012,
    "-9": 0.010752688172043012,
    "0": 0.10752688172043011,
    "1": 0.06451612903225806,
    "2": 0.03225806451612903,
    "5": 0.010752688172043012
  },
  "pmf_support": {
    "count": 12,
    "max": 5,
    "min": -9
  },
  "smoothing": {
    "error_mean": -1.7096774193548387,
    "error_std": 2.040349143437104,
    "gaussian_mix": 0.0,
    "gaussian_support_std": 4.0,
    "laplace_alpha": 0.0,
    "min_tail_prob": null,
    "pure_gaussian": false,
    "use_tail_cutoff": false
  },
  "snapshot_hour_local": 18,
  "updated_at_utc": "2026-01-27T12:02:32.104053+00:00"
}