{
  "city_key": "AUSHIGH",
  "forecast_source": "mos_gfs_18z_archive",
  "month": 9,
  "n_samples": 90,
  "pmf_error": {
    "-1": 0.13136507239602843,
    "-2": 0.10423930770953624,
    "-3": 0.07250462143983896,
    "-4": 0.044206122449970235,
    "-5": 0.023625538561576415,
    "-6": 0.011067857895070076,
    "-7": 0.004544938317698539,
    "0": 0.14511451765628758,
    "1": 0.1405155468185961,
    "2": 0.1192670438552376,
    "3": 0.0887358460095163,
    "4": 0.05787090786257251,
    "5": 0.03308293706982666,
    "6": 0.01657793315543966,
    "7": 0.007281808802804509
  },
  "pmf_support": {
    "count": 15,
    "max": 7,
    "min": -7
  },
  "smoothing": {
    "error_mean": 0.25555555555555554,
    "error_std": 2.755040274402581,
    "gaussian_mix": 1.0,
    "gaussian_support_std": null,
    "laplace_alpha": 0.0,
    "min_tail_prob": 0.01,
    "pure_gaussian": true,
    "use_tail_cutoff": true
  },
  "snapshot_hour_local": 18,
  "updated_at_utc": "2026-01-27T11:32:33.962998+00:00"
}