{
  "city_key": "AUSHIGH",
  "forecast_source": "mos_gfs_18z_archive",
  "month": 2,
  "n_samples": 85,
  "pmf_error": {
    "-1": 0.09158664316053033,
    "-10": 0.012545103319806239,
    "-11": 0.007774896511159452,
    "-12": 0.004576619403510388,
    "-2": 0.09023691972608246,
    "-3": 0.08444349281587274,
    "-4": 0.07505470480307273,
    "-5": 0.06336062604576233,
    "-6": 0.05080316908473366,
    "-7": 0.03868939644906799,
    "-8": 0.02798484535764229,
    "-9": 0.019225766963959903,
    "0": 0.08828965646182368,
    "1": 0.08083832727431134,
    "2": 0.0702998852066551,
    "3": 0.058065974534611244,
    "4": 0.045553172544474656,
    "5": 0.033942618601887416,
    "6": 0.024021596386024024,
    "7": 0.01614686421185274,
    "8": 0.010308710096873716,
    "9": 0.0062510110402857234
  },
  "pmf_support": {
    "count": 22,
    "max": 9,
    "min": -12
  },
  "smoothing": {
    "error_mean": -1.2117647058823529,
    "error_std": 4.4061297346712704,
    "gaussian_mix": 1.0,
    "gaussian_support_std": null,
    "laplace_alpha": 0.0,
    "min_tail_prob": 0.01,
    "pure_gaussian": true,
    "use_tail_cutoff": true
  },
  "snapshot_hour_local": 18,
  "updated_at_utc": "2026-01-27T11:32:33.962998+00:00"
}