{
  "city_key": "AUSHIGH",
  "forecast_source": "mos_gfs_18z_archive",
  "month": 3,
  "n_samples": 93,
  "pmf_error": {
    "-1": 0.16129032258064516,
    "-2": 0.13978494623655913,
    "-3": 0.0967741935483871,
    "-4": 0.06451612903225806,
    "-5": 0.043010752688172046,
    "-6": 0.053763440860215055,
    "-7": 0.021505376344086023,
    "0": 0.11827956989247312,
    "1": 0.07526881720430108,
    "2": 0.0967741935483871,
    "3": 0.021505376344086023,
    "4": 0.053763440860215055,
    "5": 0.021505376344086023,
    "6": 0.010752688172043012,
    "7": 0.021505376344086023
  },
  "pmf_support": {
    "count": 15,
    "max": 7,
    "min": -7
  },
  "smoothing": {
    "error_mean": -0.8064516129032258,
    "error_std": 3.0874636022098327,
    "gaussian_mix": 0.0,
    "gaussian_support_std": 4.0,
    "laplace_alpha": 0.0,
    "min_tail_prob": null,
    "pure_gaussian": false,
    "use_tail_cutoff": false
  },
  "snapshot_hour_local": 18,
  "updated_at_utc": "2026-01-27T12:02:32.104053+00:00"
}