{
  "city_key": "AUSHIGH",
  "forecast_source": "mos_gfs_18z_archive",
  "month": 5,
  "n_samples": 93,
  "pmf_error": {
    "-1": 0.10752688172043011,
    "-10": 0.010752688172043012,
    "-12": 0.010752688172043012,
    "-2": 0.13978494623655913,
    "-3": 0.06451612903225806,
    "-4": 0.043010752688172046,
    "-5": 0.06451612903225806,
    "-6": 0.010752688172043012,
    "-7": 0.010752688172043012,
    "-8": 0.010752688172043012,
    "0": 0.15053763440860216,
    "1": 0.17204301075268819,
    "10": 0.010752688172043012,
    "2": 0.06451612903225806,
    "3": 0.053763440860215055,
    "4": 0.043010752688172046,
    "6": 0.010752688172043012,
    "7": 0.010752688172043012,
    "8": 0.010752688172043012
  },
  "pmf_support": {
    "count": 19,
    "max": 10,
    "min": -12
  },
  "smoothing": {
    "error_mean": -0.5698924731182796,
    "error_std": 3.424760723020419,
    "gaussian_mix": 0.0,
    "gaussian_support_std": 4.0,
    "laplace_alpha": 0.0,
    "min_tail_prob": null,
    "pure_gaussian": false,
    "use_tail_cutoff": false
  },
  "snapshot_hour_local": 18,
  "updated_at_utc": "2026-01-27T12:02:32.104053+00:00"
}