{
  "city_key": "CHIHIGH",
  "forecast_source": "mos_gfs_18z_archive",
  "month": 5,
  "n_samples": 93,
  "pmf_error": {
    "-1": 0.09993828521528357,
    "-2": 0.08133458050067567,
    "-3": 0.060825826476425614,
    "-4": 0.0417994200522969,
    "-5": 0.026395016852203662,
    "-6": 0.015315919708943826,
    "-7": 0.008166456785204633,
    "-8": 0.004001231741832965,
    "0": 0.11283868220602562,
    "1": 0.11707214287694716,
    "2": 0.11161397614713724,
    "3": 0.09778067742245154,
    "4": 0.07871490100455492,
    "5": 0.058227791119236115,
    "6": 0.03957975732504106,
    "7": 0.024722101702831633,
    "8": 0.01418950025789431,
    "9": 0.007483732605013611
  },
  "pmf_support": {
    "count": 18,
    "max": 9,
    "min": -8
  },
  "smoothing": {
    "error_mean": 0.9354838709677419,
    "error_std": 3.438574509639424,
    "gaussian_mix": 1.0,
    "gaussian_support_std": null,
    "laplace_alpha": 0.0,
    "min_tail_prob": 0.01,
    "pure_gaussian": true,
    "use_tail_cutoff": true
  },
  "snapshot_hour_local": 12,
  "updated_at_utc": "2026-01-27T11:32:26.683625+00:00"
}