{
  "city_key": "CHIHIGH",
  "forecast_source": "mos_gfs_18z_archive",
  "month": 6,
  "n_samples": 90,
  "pmf_error": {
    "-1": 0.11742866274974602,
    "-2": 0.0951434564481954,
    "-3": 0.06922254420658061,
    "-4": 0.04522514968062067,
    "-5": 0.026532385061652362,
    "-6": 0.013977721825722277,
    "-7": 0.006612418281737056,
    "-8": 0.0028089762399953126,
    "0": 0.13014669046720295,
    "1": 0.1295257051729522,
    "2": 0.11575576381362372,
    "3": 0.09289516440342052,
    "4": 0.06694334563937639,
    "5": 0.04331971015050124,
    "6": 0.025172566330943193,
    "7": 0.013135096529462872,
    "8": 0.006154642998267226
  },
  "pmf_support": {
    "count": 17,
    "max": 8,
    "min": -8
  },
  "smoothing": {
    "error_mean": 0.45555555555555555,
    "error_std": 3.048355152504785,
    "gaussian_mix": 1.0,
    "gaussian_support_std": null,
    "laplace_alpha": 0.0,
    "min_tail_prob": 0.01,
    "pure_gaussian": true,
    "use_tail_cutoff": true
  },
  "snapshot_hour_local": 12,
  "updated_at_utc": "2026-01-27T11:32:26.683625+00:00"
}