{
  "city_key": "CHIHIGH",
  "forecast_source": "mos_gfs_18z_archive",
  "month": 4,
  "n_samples": 90,
  "pmf_error": {
    "-1": 0.06666666666666667,
    "-2": 0.1,
    "-3": 0.06666666666666667,
    "-4": 0.022222222222222223,
    "-5": 0.022222222222222223,
    "-6": 0.011111111111111112,
    "-8": 0.011111111111111112,
    "0": 0.14444444444444443,
    "1": 0.14444444444444443,
    "10": 0.011111111111111112,
    "14": 0.011111111111111112,
    "16": 0.011111111111111112,
    "2": 0.1,
    "3": 0.05555555555555555,
    "4": 0.05555555555555555,
    "5": 0.05555555555555555,
    "6": 0.05555555555555555,
    "7": 0.011111111111111112,
    "8": 0.022222222222222223,
    "9": 0.022222222222222223
  },
  "pmf_support": {
    "count": 20,
    "max": 16,
    "min": -8
  },
  "smoothing": {
    "error_mean": 1.4222222222222223,
    "error_std": 4.035888385687641,
    "gaussian_mix": 0.0,
    "gaussian_support_std": 4.0,
    "laplace_alpha": 0.0,
    "min_tail_prob": null,
    "pure_gaussian": false,
    "use_tail_cutoff": false
  },
  "snapshot_hour_local": 12,
  "updated_at_utc": "2026-01-27T12:02:38.933682+00:00"
}