{
  "city_key": "CHIHIGH",
  "forecast_source": "mos_gfs_18z_archive",
  "month": 9,
  "n_samples": 90,
  "pmf_error": {
    "-1": 0.12937897555502506,
    "-10": 0.002730049102264234,
    "-2": 0.14862814142849456,
    "-3": 0.14816035727822394,
    "-4": 0.12816121521324444,
    "-5": 0.09619995022255545,
    "-6": 0.06265946875079816,
    "-7": 0.035415403980603444,
    "-8": 0.01736966019281662,
    "-9": 0.007392376453488747,
    "0": 0.09772822242627485,
    "1": 0.06405749059403712,
    "2": 0.036434555374157025,
    "3": 0.017982524351109072,
    "4": 0.007701609076907451
  },
  "pmf_support": {
    "count": 15,
    "max": 4,
    "min": -10
  },
  "smoothing": {
    "error_mean": -2.477777777777778,
    "error_std": 2.65509061480762,
    "gaussian_mix": 1.0,
    "gaussian_support_std": null,
    "laplace_alpha": 0.0,
    "min_tail_prob": 0.01,
    "pure_gaussian": true,
    "use_tail_cutoff": true
  },
  "snapshot_hour_local": 12,
  "updated_at_utc": "2026-01-25T23:49:18.594736+00:00"
}