{
  "city_key": "CHIHIGH",
  "forecast_source": "mos_gfs_18z_archive",
  "month": 5,
  "n_samples": 93,
  "pmf_error": {
    "-1": 0.09716023435000581,
    "-10": 0.0029941104577378024,
    "-2": 0.08583496877326208,
    "-3": 0.07100969946626381,
    "-4": 0.0550109084541782,
    "-5": 0.039907790221291976,
    "-6": 0.02711092063188816,
    "-7": 0.017246801773207136,
    "-8": 0.010274261124886407,
    "-9": 0.005731527072276554,
    "0": 0.10298893688091722,
    "1": 0.10222810675593264,
    "2": 0.09502279089068637,
    "3": 0.0827109420089009,
    "4": 0.06741800138570225,
    "5": 0.051459611307084194,
    "6": 0.03678195854798737,
    "7": 0.024619595943339324,
    "8": 0.015431378107192138,
    "9": 0.009057455847259581
  },
  "pmf_support": {
    "count": 20,
    "max": 9,
    "min": -10
  },
  "smoothing": {
    "error_mean": 0.3870967741935484,
    "error_std": 3.9021148334499913,
    "gaussian_mix": 1.0,
    "gaussian_support_std": null,
    "laplace_alpha": 0.0,
    "min_tail_prob": 0.01,
    "pure_gaussian": true,
    "use_tail_cutoff": true
  },
  "snapshot_hour_local": 12,
  "updated_at_utc": "2026-01-25T23:49:18.594736+00:00"
}