{
  "city_key": "CHIHIGH",
  "forecast_source": "mos_gfs_18z_archive",
  "month": 3,
  "n_samples": 93,
  "pmf_error": {
    "-1": 0.08000080885748997,
    "-10": 0.00586421825365797,
    "-11": 0.0034912534875765236,
    "-2": 0.07182911603273306,
    "-3": 0.06161416497572191,
    "-4": 0.05049338822521005,
    "-5": 0.03953323573103804,
    "-6": 0.029570870666319443,
    "-7": 0.02113195917526119,
    "-8": 0.014427441289233903,
    "-9": 0.009410501533825133,
    "0": 0.08512598214987442,
    "1": 0.08653739044563362,
    "10": 0.012861875268634583,
    "11": 0.008282948622018229,
    "2": 0.08404644636960855,
    "3": 0.07798459436711153,
    "4": 0.06913089525757152,
    "5": 0.05854764706444507,
    "6": 0.04737187915107371,
    "7": 0.03661893257793902,
    "8": 0.027043609122144187,
    "9": 0.01908084137587815
  },
  "pmf_support": {
    "count": 23,
    "max": 11,
    "min": -11
  },
  "smoothing": {
    "error_mean": 0.8602150537634409,
    "error_std": 4.68029821182383,
    "gaussian_mix": 1.0,
    "gaussian_support_std": null,
    "laplace_alpha": 0.0,
    "min_tail_prob": 0.01,
    "pure_gaussian": true,
    "use_tail_cutoff": true
  },
  "snapshot_hour_local": 12,
  "updated_at_utc": "2026-01-27T11:32:26.683625+00:00"
}