{
  "city_key": "CHIHIGH",
  "forecast_source": "mos_gfs_18z_archive",
  "month": 10,
  "n_samples": 93,
  "pmf_error": {
    "-1": 0.15436714092712428,
    "-2": 0.1568716360102638,
    "-3": 0.13617890127529783,
    "-4": 0.10098364923258893,
    "-5": 0.06396878917167188,
    "-6": 0.034614736875668885,
    "-7": 0.016000360724030865,
    "-8": 0.006317923278523718,
    "-9": 0.0021310554808503675,
    "0": 0.12976008760382213,
    "1": 0.093175822334614,
    "2": 0.05715328184637465,
    "3": 0.02994711203151931,
    "4": 0.013404312862820079,
    "5": 0.005125190344829431
  },
  "pmf_support": {
    "count": 15,
    "max": 5,
    "min": -9
  },
  "smoothing": {
    "error_mean": -1.6021505376344085,
    "error_std": 2.519343594943221,
    "gaussian_mix": 1.0,
    "gaussian_support_std": null,
    "laplace_alpha": 0.0,
    "min_tail_prob": 0.01,
    "pure_gaussian": true,
    "use_tail_cutoff": true
  },
  "snapshot_hour_local": 12,
  "updated_at_utc": "2026-01-25T23:49:18.594736+00:00"
}