{
  "city_key": "CHIHIGH",
  "forecast_source": "mos_gfs_18z_archive",
  "month": 12,
  "n_samples": 93,
  "pmf_error": {
    "-1": 0.16129032258064516,
    "-2": 0.10752688172043011,
    "-3": 0.0967741935483871,
    "-4": 0.07526881720430108,
    "-5": 0.043010752688172046,
    "-6": 0.021505376344086023,
    "-7": 0.010752688172043012,
    "0": 0.1935483870967742,
    "1": 0.13978494623655913,
    "16": 0.010752688172043012,
    "2": 0.06451612903225806,
    "3": 0.010752688172043012,
    "4": 0.043010752688172046,
    "6": 0.021505376344086023
  },
  "pmf_support": {
    "count": 14,
    "max": 16,
    "min": -7
  },
  "smoothing": {
    "error_mean": -0.6129032258064516,
    "error_std": 3.0621949330241955,
    "gaussian_mix": 0.0,
    "gaussian_support_std": 4.0,
    "laplace_alpha": 0.0,
    "min_tail_prob": null,
    "pure_gaussian": false,
    "use_tail_cutoff": false
  },
  "snapshot_hour_local": 12,
  "updated_at_utc": "2026-01-27T12:02:38.933682+00:00"
}