{
  "city_key": "CHIHIGH",
  "forecast_source": "mos_gfs_18z_archive",
  "month": 11,
  "n_samples": 90,
  "pmf_error": {
    "-1": 0.13333333333333333,
    "-2": 0.16666666666666666,
    "-3": 0.12222222222222222,
    "-4": 0.06666666666666667,
    "-5": 0.022222222222222223,
    "-6": 0.011111111111111112,
    "-9": 0.022222222222222223,
    "0": 0.17777777777777778,
    "1": 0.07777777777777778,
    "10": 0.011111111111111112,
    "2": 0.1111111111111111,
    "3": 0.06666666666666667,
    "4": 0.011111111111111112
  },
  "pmf_support": {
    "count": 13,
    "max": 10,
    "min": -9
  },
  "smoothing": {
    "error_mean": -0.8222222222222222,
    "error_std": 2.7308028033194347,
    "gaussian_mix": 0.0,
    "gaussian_support_std": 4.0,
    "laplace_alpha": 0.0,
    "min_tail_prob": null,
    "pure_gaussian": false,
    "use_tail_cutoff": false
  },
  "snapshot_hour_local": 12,
  "updated_at_utc": "2026-01-27T12:02:38.933682+00:00"
}