{
  "city_key": "CHIHIGH",
  "forecast_source": "mos_gfs_18z_archive",
  "month": 8,
  "n_samples": 93,
  "pmf_error": {
    "-1": 0.16129032258064516,
    "-2": 0.16129032258064516,
    "-3": 0.13978494623655913,
    "-4": 0.03225806451612903,
    "-5": 0.03225806451612903,
    "-6": 0.021505376344086023,
    "-8": 0.010752688172043012,
    "0": 0.0967741935483871,
    "1": 0.12903225806451613,
    "2": 0.12903225806451613,
    "3": 0.03225806451612903,
    "4": 0.03225806451612903,
    "5": 0.010752688172043012,
    "6": 0.010752688172043012
  },
  "pmf_support": {
    "count": 14,
    "max": 6,
    "min": -8
  },
  "smoothing": {
    "error_mean": -0.6774193548387096,
    "error_std": 2.5491355917255034,
    "gaussian_mix": 0.0,
    "gaussian_support_std": 4.0,
    "laplace_alpha": 0.0,
    "min_tail_prob": null,
    "pure_gaussian": false,
    "use_tail_cutoff": false
  },
  "snapshot_hour_local": 12,
  "updated_at_utc": "2026-01-27T12:02:38.933682+00:00"
}