{
  "city_key": "CHIHIGH",
  "forecast_source": "mos_gfs_18z_archive",
  "month": 8,
  "n_samples": 93,
  "pmf_error": {
    "-1": 0.15576797367074477,
    "-2": 0.13724663050121616,
    "-3": 0.10367906222174589,
    "-4": 0.0671500404040955,
    "-5": 0.037287850178550186,
    "-6": 0.017752284945420794,
    "-7": 0.0072461450644639245,
    "-8": 0.002535862122175187,
    "0": 0.15157252950100747,
    "1": 0.1264528654457524,
    "2": 0.09044877727962712,
    "3": 0.055468008601514414,
    "4": 0.029164081071068743,
    "5": 0.013146794307284276,
    "6": 0.005081094685332969
  },
  "pmf_support": {
    "count": 15,
    "max": 6,
    "min": -8
  },
  "smoothing": {
    "error_mean": -0.6774193548387096,
    "error_std": 2.5491355917255034,
    "gaussian_mix": 1.0,
    "gaussian_support_std": null,
    "laplace_alpha": 0.0,
    "min_tail_prob": 0.01,
    "pure_gaussian": true,
    "use_tail_cutoff": true
  },
  "snapshot_hour_local": 12,
  "updated_at_utc": "2026-01-27T11:32:26.683625+00:00"
}