{
  "city_key": "CHIHIGH",
  "forecast_source": "mos_gfs_18z_archive",
  "month": 1,
  "n_samples": 93,
  "pmf_error": {
    "-1": 0.09914245876261725,
    "-10": 0.008109079696568737,
    "-11": 0.004549595438889474,
    "-2": 0.09541158117509366,
    "-3": 0.08647781366633839,
    "-4": 0.07381939979703954,
    "-5": 0.05934696562610806,
    "-6": 0.044935411994320024,
    "-7": 0.03204358788093483,
    "-8": 0.02152066799460192,
    "-9": 0.013612332787007804,
    "0": 0.09702429102335768,
    "1": 0.08942593114551006,
    "2": 0.07762626031064288,
    "3": 0.06346233657112807,
    "4": 0.04886362158969048,
    "5": 0.03543377691493474,
    "6": 0.024199781316400416,
    "7": 0.015565663467376195,
    "8": 0.009429442841440127
  },
  "pmf_support": {
    "count": 20,
    "max": 8,
    "min": -11
  },
  "smoothing": {
    "error_mean": -0.8602150537634409,
    "error_std": 4.084040266695277,
    "gaussian_mix": 1.0,
    "gaussian_support_std": null,
    "laplace_alpha": 0.0,
    "min_tail_prob": 0.01,
    "pure_gaussian": true,
    "use_tail_cutoff": true
  },
  "snapshot_hour_local": 12,
  "updated_at_utc": "2026-01-25T23:49:18.594736+00:00"
}