{
  "city_key": "CHIHIGH",
  "forecast_source": "mos_gfs_18z_archive",
  "month": 1,
  "n_samples": 94,
  "pmf_error": {
    "-1": 0.09369542849308174,
    "-10": 0.003661550584198883,
    "-2": 0.08341797298551525,
    "-3": 0.06987196582982418,
    "-4": 0.055061544673648065,
    "-5": 0.04082215413449377,
    "-6": 0.028473807489135375,
    "-7": 0.018685179299319944,
    "-8": 0.011535889666234277,
    "-9": 0.006700496991362907,
    "0": 0.09901004769672171,
    "1": 0.09843334339537609,
    "10": 0.005996576629749186,
    "2": 0.0920677018042401,
    "3": 0.08101668464524078,
    "4": 0.0670723820751003,
    "5": 0.05224143440576043,
    "6": 0.03828146541373044,
    "7": 0.026391502408226717,
    "8": 0.017117556629384252,
    "9": 0.010445314749655455
  },
  "pmf_support": {
    "count": 21,
    "max": 10,
    "min": -10
  },
  "smoothing": {
    "error_mean": 0.40425531914893614,
    "error_std": 4.048427982106325,
    "gaussian_mix": 1.0,
    "gaussian_support_std": null,
    "laplace_alpha": 0.0,
    "min_tail_prob": 0.01,
    "pure_gaussian": true,
    "use_tail_cutoff": true
  },
  "snapshot_hour_local": 12,
  "updated_at_utc": "2026-01-27T11:32:26.683625+00:00"
}