{
  "city_key": "CHIHIGH",
  "forecast_source": "mos_gfs_18z_archive",
  "month": 2,
  "n_samples": 85,
  "pmf_error": {
    "-1": 0.08568970564612835,
    "-10": 0.0035428442068545,
    "-2": 0.07493166885668674,
    "-3": 0.06202050349739128,
    "-4": 0.048589037732191996,
    "-5": 0.03603084415433075,
    "-6": 0.025289701558239685,
    "-7": 0.01680142430394912,
    "-8": 0.010565294889848215,
    "-9": 0.006288546477223761,
    "0": 0.09275237203408405,
    "1": 0.09502864291959717,
    "10": 0.009968064002536893,
    "2": 0.09215462956859627,
    "3": 0.08458881021891679,
    "4": 0.07349229394234873,
    "5": 0.06043712803749459,
    "6": 0.047043428129377104,
    "7": 0.034659894270867464,
    "8": 0.024170666906093183,
    "9": 0.015954498647243198
  },
  "pmf_support": {
    "count": 21,
    "max": 10,
    "min": -10
  },
  "smoothing": {
    "error_mean": 0.9411764705882353,
    "error_std": 4.265740239675588,
    "gaussian_mix": 1.0,
    "gaussian_support_std": null,
    "laplace_alpha": 0.0,
    "min_tail_prob": 0.01,
    "pure_gaussian": true,
    "use_tail_cutoff": true
  },
  "snapshot_hour_local": 12,
  "updated_at_utc": "2026-01-27T11:32:26.683625+00:00"
}