{
  "city_key": "CHIHIGH",
  "forecast_source": "mos_gfs_18z_archive",
  "month": 3,
  "n_samples": 93,
  "pmf_error": {
    "-1": 0.09294732969517051,
    "-10": 0.006086944731780546,
    "-11": 0.003408606096647886,
    "-2": 0.0856894665494379,
    "-3": 0.0747413527526191,
    "-4": 0.06167901955454585,
    "-5": 0.048156726995719344,
    "-6": 0.035572915078998804,
    "-7": 0.024861363413691252,
    "-8": 0.01643892527089395,
    "-9": 0.010284066905583974,
    "0": 0.09538704355885169,
    "1": 0.09261575093539258,
    "2": 0.08507918269406295,
    "3": 0.07394430970476285,
    "4": 0.060803587171362146,
    "5": 0.04730386616574501,
    "6": 0.03481826014139427,
    "7": 0.02424713816353236,
    "8": 0.01597558982437356,
    "9": 0.009958554595433482
  },
  "pmf_support": {
    "count": 21,
    "max": 9,
    "min": -11
  },
  "smoothing": {
    "error_mean": -0.03225806451612903,
    "error_std": 4.248849592317182,
    "gaussian_mix": 1.0,
    "gaussian_support_std": null,
    "laplace_alpha": 0.0,
    "min_tail_prob": 0.01,
    "pure_gaussian": true,
    "use_tail_cutoff": true
  },
  "snapshot_hour_local": 12,
  "updated_at_utc": "2026-01-25T23:49:18.594736+00:00"
}