{
  "city_key": "CHIHIGH",
  "forecast_source": "mos_gfs_18z_archive",
  "month": 3,
  "n_samples": 93,
  "pmf_error": {
    "-1": 0.07526881720430108,
    "-10": 0.010752688172043012,
    "-12": 0.010752688172043012,
    "-2": 0.053763440860215055,
    "-3": 0.053763440860215055,
    "-4": 0.021505376344086023,
    "-5": 0.06451612903225806,
    "-6": 0.021505376344086023,
    "-7": 0.03225806451612903,
    "-9": 0.010752688172043012,
    "0": 0.08602150537634409,
    "1": 0.13978494623655913,
    "10": 0.021505376344086023,
    "12": 0.010752688172043012,
    "2": 0.07526881720430108,
    "3": 0.06451612903225806,
    "4": 0.053763440860215055,
    "5": 0.053763440860215055,
    "6": 0.053763440860215055,
    "7": 0.03225806451612903,
    "8": 0.043010752688172046,
    "9": 0.010752688172043012
  },
  "pmf_support": {
    "count": 22,
    "max": 12,
    "min": -12
  },
  "smoothing": {
    "error_mean": 0.8602150537634409,
    "error_std": 4.68029821182383,
    "gaussian_mix": 0.0,
    "gaussian_support_std": 4.0,
    "laplace_alpha": 0.0,
    "min_tail_prob": null,
    "pure_gaussian": false,
    "use_tail_cutoff": false
  },
  "snapshot_hour_local": 12,
  "updated_at_utc": "2026-01-27T12:02:38.933682+00:00"
}