{
  "city_key": "CHIHIGH",
  "forecast_source": "mos_gfs_18z_archive",
  "month": 5,
  "n_samples": 93,
  "pmf_error": {
    "-1": 0.11827956989247312,
    "-2": 0.053763440860215055,
    "-3": 0.053763440860215055,
    "-4": 0.021505376344086023,
    "-5": 0.053763440860215055,
    "-6": 0.010752688172043012,
    "-7": 0.010752688172043012,
    "0": 0.10752688172043011,
    "1": 0.15053763440860216,
    "14": 0.010752688172043012,
    "2": 0.12903225806451613,
    "3": 0.12903225806451613,
    "4": 0.053763440860215055,
    "6": 0.03225806451612903,
    "7": 0.053763440860215055,
    "8": 0.010752688172043012
  },
  "pmf_support": {
    "count": 16,
    "max": 14,
    "min": -7
  },
  "smoothing": {
    "error_mean": 0.9354838709677419,
    "error_std": 3.438574509639424,
    "gaussian_mix": 0.0,
    "gaussian_support_std": 4.0,
    "laplace_alpha": 0.0,
    "min_tail_prob": null,
    "pure_gaussian": false,
    "use_tail_cutoff": false
  },
  "snapshot_hour_local": 12,
  "updated_at_utc": "2026-01-27T12:02:38.933682+00:00"
}