{
  "city_key": "CHIHIGH",
  "forecast_source": "mos_gfs_18z_archive",
  "month": 4,
  "n_samples": 90,
  "pmf_error": {
    "-1": 0.10165216446977347,
    "-2": 0.08830349153552224,
    "-3": 0.07126034371752349,
    "-4": 0.05342281160100272,
    "-5": 0.0372061180939966,
    "-6": 0.02407192218370118,
    "-7": 0.01446824894255665,
    "-8": 0.008078485797930704,
    "-9": 0.004190373650755203,
    "0": 0.10870866845125368,
    "1": 0.10799919371338691,
    "2": 0.09967486163609782,
    "3": 0.08545934522529477,
    "4": 0.0680678874072967,
    "5": 0.05036557238268229,
    "6": 0.0346205583064949,
    "7": 0.0221076790896266,
    "8": 0.01311478054333081,
    "9": 0.007227493251773257
  },
  "pmf_support": {
    "count": 19,
    "max": 9,
    "min": -9
  },
  "smoothing": {
    "error_mean": 0.4111111111111111,
    "error_std": 3.6844853234563755,
    "gaussian_mix": 1.0,
    "gaussian_support_std": null,
    "laplace_alpha": 0.0,
    "min_tail_prob": 0.01,
    "pure_gaussian": true,
    "use_tail_cutoff": true
  },
  "snapshot_hour_local": 12,
  "updated_at_utc": "2026-01-25T23:49:18.594736+00:00"
}