{
  "city_key": "CHIHIGH",
  "forecast_source": "mos_gfs_18z_archive",
  "month": 2,
  "n_samples": 85,
  "pmf_error": {
    "-1": 0.09826794864777852,
    "-10": 0.005079124963728293,
    "-2": 0.0904967449629243,
    "-3": 0.07835364998685272,
    "-4": 0.06378090999855197,
    "-5": 0.048812089137725036,
    "-6": 0.035121195086886256,
    "-7": 0.023758355724647746,
    "-8": 0.01511014670866559,
    "-9": 0.009034959016230656,
    "0": 0.10032196434601909,
    "1": 0.09629092742369574,
    "2": 0.0868920247769339,
    "3": 0.073719039906015,
    "4": 0.058800988755787556,
    "5": 0.044095552929522996,
    "6": 0.03108924403763596,
    "7": 0.02060775756001595,
    "8": 0.012842705281599965,
    "9": 0.0075246707487826745
  },
  "pmf_support": {
    "count": 20,
    "max": 9,
    "min": -10
  },
  "smoothing": {
    "error_mean": -0.16470588235294117,
    "error_std": 4.025936672373946,
    "gaussian_mix": 1.0,
    "gaussian_support_std": null,
    "laplace_alpha": 0.0,
    "min_tail_prob": 0.01,
    "pure_gaussian": true,
    "use_tail_cutoff": true
  },
  "snapshot_hour_local": 12,
  "updated_at_utc": "2026-01-25T23:49:18.594736+00:00"
}