{
  "city_key": "CHIHIGH",
  "forecast_source": "mos_gfs_18z_archive",
  "month": 11,
  "n_samples": 90,
  "pmf_error": {
    "-1": 0.1414937478609082,
    "-2": 0.14643066482312372,
    "-3": 0.13250823859780844,
    "-4": 0.10485032739425819,
    "-5": 0.07254588175816543,
    "-6": 0.04389062846322369,
    "-7": 0.023219181066688584,
    "-8": 0.010740835369338056,
    "-9": 0.0043445548509860035,
    "0": 0.11955246341495705,
    "1": 0.08832748635297859,
    "2": 0.05706230047843621,
    "3": 0.03223433717083505,
    "4": 0.015922244010519934,
    "5": 0.006877108387772854
  },
  "pmf_support": {
    "count": 15,
    "max": 5,
    "min": -9
  },
  "smoothing": {
    "error_mean": -1.7555555555555555,
    "error_std": 2.7297175723307636,
    "gaussian_mix": 1.0,
    "gaussian_support_std": null,
    "laplace_alpha": 0.0,
    "min_tail_prob": 0.01,
    "pure_gaussian": true,
    "use_tail_cutoff": true
  },
  "snapshot_hour_local": 12,
  "updated_at_utc": "2026-01-25T23:49:18.594736+00:00"
}