{
  "city_key": "CHIHIGH",
  "forecast_source": "mos_gfs_18z_archive",
  "month": 6,
  "n_samples": 90,
  "pmf_error": {
    "-1": 0.1,
    "-2": 0.1111111111111111,
    "-3": 0.06666666666666667,
    "-4": 0.05555555555555555,
    "-5": 0.011111111111111112,
    "-6": 0.022222222222222223,
    "-7": 0.011111111111111112,
    "0": 0.1,
    "1": 0.15555555555555556,
    "2": 0.13333333333333333,
    "3": 0.07777777777777778,
    "4": 0.044444444444444446,
    "5": 0.07777777777777778,
    "7": 0.022222222222222223,
    "8": 0.011111111111111112
  },
  "pmf_support": {
    "count": 15,
    "max": 8,
    "min": -7
  },
  "smoothing": {
    "error_mean": 0.45555555555555555,
    "error_std": 3.048355152504785,
    "gaussian_mix": 0.0,
    "gaussian_support_std": 4.0,
    "laplace_alpha": 0.0,
    "min_tail_prob": null,
    "pure_gaussian": false,
    "use_tail_cutoff": false
  },
  "snapshot_hour_local": 12,
  "updated_at_utc": "2026-01-27T12:02:38.933682+00:00"
}