{
  "city_key": "CHIHIGH",
  "forecast_source": "mos_gfs_18z_archive",
  "month": 8,
  "n_samples": 93,
  "pmf_error": {
    "-1": 0.15959882115654964,
    "-2": 0.14796525614266298,
    "-3": 0.11711037271632764,
    "-4": 0.07912915314687478,
    "-5": 0.04564394930712303,
    "-6": 0.02247685027741315,
    "-7": 0.009449160651602818,
    "-8": 0.003391224605934511,
    "0": 0.1469620325851664,
    "1": 0.11552770937672757,
    "2": 0.07753052356982032,
    "3": 0.04441859455489911,
    "4": 0.021725133352956026,
    "5": 0.009071218555942208
  },
  "pmf_support": {
    "count": 14,
    "max": 5,
    "min": -8
  },
  "smoothing": {
    "error_mean": -1.021505376344086,
    "error_std": 2.5143822628927346,
    "gaussian_mix": 1.0,
    "gaussian_support_std": null,
    "laplace_alpha": 0.0,
    "min_tail_prob": 0.01,
    "pure_gaussian": true,
    "use_tail_cutoff": true
  },
  "snapshot_hour_local": 12,
  "updated_at_utc": "2026-01-25T23:49:18.594736+00:00"
}