{
  "city_key": "CHIHIGH",
  "forecast_source": "mos_gfs_18z_archive",
  "month": 9,
  "n_samples": 90,
  "pmf_error": {
    "-1": 0.13102611534191594,
    "-10": 0.0021172165552961622,
    "-2": 0.15406516068966541,
    "-3": 0.15513075729099507,
    "-4": 0.13376370186634245,
    "-5": 0.09877011085734792,
    "-6": 0.062453919414570035,
    "-7": 0.0338174417949236,
    "-8": 0.01568081745930645,
    "-9": 0.006226493550136562,
    "0": 0.09542412462252631,
    "1": 0.05951211697200333,
    "2": 0.031783338213467155,
    "3": 0.014535852744974459,
    "4": 0.0056928326265291455
  },
  "pmf_support": {
    "count": 15,
    "max": 4,
    "min": -10
  },
  "smoothing": {
    "error_mean": -2.5444444444444443,
    "error_std": 2.5392961015521656,
    "gaussian_mix": 1.0,
    "gaussian_support_std": null,
    "laplace_alpha": 0.0,
    "min_tail_prob": 0.01,
    "pure_gaussian": true,
    "use_tail_cutoff": true
  },
  "snapshot_hour_local": 12,
  "updated_at_utc": "2026-01-27T11:32:26.683625+00:00"
}