{
  "city_key": "CHIHIGH",
  "forecast_source": "mos_gfs_18z_archive",
  "month": 4,
  "n_samples": 90,
  "pmf_error": {
    "-1": 0.08334714935408884,
    "-2": 0.06965881416159403,
    "-3": 0.0547518234167127,
    "-4": 0.04047233687827312,
    "-5": 0.02813553381265137,
    "-6": 0.018394552267814224,
    "-7": 0.011309944330013111,
    "-8": 0.006539866710547584,
    "-9": 0.0035564320119094717,
    "0": 0.09378699224602591,
    "1": 0.09925025922448832,
    "10": 0.010428126704005334,
    "11": 0.00597265157168046,
    "2": 0.09877746472927278,
    "3": 0.09245305883399078,
    "4": 0.08138078555708106,
    "5": 0.06736893081112795,
    "6": 0.05244868644349961,
    "7": 0.038401373754044614,
    "8": 0.026442108917307854,
    "9": 0.017123108263870878
  },
  "pmf_support": {
    "count": 21,
    "max": 11,
    "min": -9
  },
  "smoothing": {
    "error_mean": 1.4222222222222223,
    "error_std": 4.035888385687641,
    "gaussian_mix": 1.0,
    "gaussian_support_std": null,
    "laplace_alpha": 0.0,
    "min_tail_prob": 0.01,
    "pure_gaussian": true,
    "use_tail_cutoff": true
  },
  "snapshot_hour_local": 12,
  "updated_at_utc": "2026-01-27T11:32:26.683625+00:00"
}