{
  "city_key": "CHIHIGH",
  "forecast_source": "mos_gfs_18z_archive",
  "month": 7,
  "n_samples": 93,
  "pmf_error": {
    "-1": 0.14755659653377717,
    "-2": 0.14191438554697236,
    "-3": 0.11903419685317973,
    "-4": 0.08707522474146866,
    "-5": 0.05555139830837228,
    "-6": 0.030908143475426617,
    "-7": 0.014997828290364291,
    "-8": 0.0063468957908423005,
    "-9": 0.002342458424828333,
    "0": 0.1338037764075725,
    "1": 0.10581704891434103,
    "2": 0.07298278859612217,
    "3": 0.04389982552720108,
    "4": 0.02302940239388155,
    "5": 0.010536104648356727,
    "6": 0.004203925547293234
  },
  "pmf_support": {
    "count": 16,
    "max": 6,
    "min": -9
  },
  "smoothing": {
    "error_mean": -1.2150537634408602,
    "error_std": 2.7034405095188134,
    "gaussian_mix": 1.0,
    "gaussian_support_std": null,
    "laplace_alpha": 0.0,
    "min_tail_prob": 0.01,
    "pure_gaussian": true,
    "use_tail_cutoff": true
  },
  "snapshot_hour_local": 12,
  "updated_at_utc": "2026-01-25T23:49:18.594736+00:00"
}