{
  "city_key": "CHIHIGH",
  "forecast_source": "mos_gfs_18z_archive",
  "month": 7,
  "n_samples": 93,
  "pmf_error": {
    "-1": 0.1471857475391842,
    "-2": 0.13258260986639112,
    "-3": 0.10425158907858822,
    "-4": 0.07155732830256871,
    "-5": 0.042874677341648466,
    "-6": 0.022424508149920624,
    "-7": 0.010238122026591212,
    "-8": 0.004080308413005385,
    "0": 0.14263308183167978,
    "1": 0.12065632352053421,
    "2": 0.08909538806455168,
    "3": 0.05742958441407366,
    "4": 0.03231405331609333,
    "5": 0.01587166596537072,
    "6": 0.006805012169798683
  },
  "pmf_support": {
    "count": 15,
    "max": 6,
    "min": -8
  },
  "smoothing": {
    "error_mean": -0.7311827956989247,
    "error_std": 2.7125347624599163,
    "gaussian_mix": 1.0,
    "gaussian_support_std": null,
    "laplace_alpha": 0.0,
    "min_tail_prob": 0.01,
    "pure_gaussian": true,
    "use_tail_cutoff": true
  },
  "snapshot_hour_local": 12,
  "updated_at_utc": "2026-01-27T11:32:26.683625+00:00"
}