{
  "city_key": "CHIHIGH",
  "forecast_source": "mos_gfs_18z_archive",
  "month": 12,
  "n_samples": 93,
  "pmf_error": {
    "-1": 0.1299801964871128,
    "-2": 0.11824739667955236,
    "-3": 0.09669217060430454,
    "-4": 0.07106836982568403,
    "-5": 0.046951202545296764,
    "-6": 0.027880618843271192,
    "-7": 0.014881387336143798,
    "-8": 0.007139532169521891,
    "-9": 0.003078799528279759,
    "0": 0.12842456774852587,
    "1": 0.1140523816476495,
    "2": 0.09104286735739267,
    "3": 0.06532400723299563,
    "4": 0.042129376499470114,
    "5": 0.024422075404167957,
    "6": 0.012725223720932386,
    "7": 0.005959826369698804
  },
  "pmf_support": {
    "count": 17,
    "max": 7,
    "min": -9
  },
  "smoothing": {
    "error_mean": -0.6129032258064516,
    "error_std": 3.0621949330241955,
    "gaussian_mix": 1.0,
    "gaussian_support_std": null,
    "laplace_alpha": 0.0,
    "min_tail_prob": 0.01,
    "pure_gaussian": true,
    "use_tail_cutoff": true
  },
  "snapshot_hour_local": 12,
  "updated_at_utc": "2026-01-27T11:32:26.683625+00:00"
}