{
  "city_key": "CHIHIGH",
  "forecast_source": "mos_gfs_18z_archive",
  "month": 12,
  "n_samples": 93,
  "pmf_error": {
    "-1": 0.12676827656515846,
    "-10": 0.003631513603183521,
    "-2": 0.13148320837408642,
    "-3": 0.1224351459670997,
    "-4": 0.10235711046548922,
    "-5": 0.07682561309635529,
    "-6": 0.05176904527535278,
    "-7": 0.031319179823016075,
    "-8": 0.017010877161524395,
    "-9": 0.008295052520467134,
    "0": 0.10973040515581066,
    "1": 0.08527455916472028,
    "2": 0.05949604359630856,
    "3": 0.037267717436264315,
    "4": 0.020958181875188015,
    "5": 0.010581579988691603,
    "6": 0.004796489931283533
  },
  "pmf_support": {
    "count": 17,
    "max": 6,
    "min": -10
  },
  "smoothing": {
    "error_mean": -1.8387096774193548,
    "error_std": 3.045498432220749,
    "gaussian_mix": 1.0,
    "gaussian_support_std": null,
    "laplace_alpha": 0.0,
    "min_tail_prob": 0.01,
    "pure_gaussian": true,
    "use_tail_cutoff": true
  },
  "snapshot_hour_local": 12,
  "updated_at_utc": "2026-01-25T23:49:18.594736+00:00"
}