{
  "city_key": "CHIHIGH",
  "forecast_source": "mos_gfs_18z_archive",
  "month": 10,
  "n_samples": 93,
  "pmf_error": {
    "-1": 0.08602150537634409,
    "-2": 0.20430107526881722,
    "-3": 0.1827956989247312,
    "-4": 0.12903225806451613,
    "-5": 0.053763440860215055,
    "-6": 0.043010752688172046,
    "0": 0.10752688172043011,
    "1": 0.053763440860215055,
    "2": 0.06451612903225806,
    "3": 0.021505376344086023,
    "4": 0.03225806451612903,
    "5": 0.010752688172043012,
    "7": 0.010752688172043012
  },
  "pmf_support": {
    "count": 13,
    "max": 7,
    "min": -6
  },
  "smoothing": {
    "error_mean": -1.5806451612903225,
    "error_std": 2.6123057859390775,
    "gaussian_mix": 0.0,
    "gaussian_support_std": 4.0,
    "laplace_alpha": 0.0,
    "min_tail_prob": null,
    "pure_gaussian": false,
    "use_tail_cutoff": false
  },
  "snapshot_hour_local": 12,
  "updated_at_utc": "2026-01-27T12:02:38.933682+00:00"
}