{
  "city_key": "CHIHIGH",
  "forecast_source": "mos_gfs_18z_archive",
  "month": 9,
  "n_samples": 90,
  "pmf_error": {
    "-1": 0.1111111111111111,
    "-11": 0.011111111111111112,
    "-2": 0.2111111111111111,
    "-3": 0.14444444444444443,
    "-4": 0.13333333333333333,
    "-5": 0.1111111111111111,
    "-6": 0.03333333333333333,
    "-7": 0.022222222222222223,
    "-8": 0.011111111111111112,
    "-9": 0.011111111111111112,
    "0": 0.1111111111111111,
    "1": 0.044444444444444446,
    "2": 0.022222222222222223,
    "3": 0.011111111111111112,
    "5": 0.011111111111111112
  },
  "pmf_support": {
    "count": 15,
    "max": 5,
    "min": -11
  },
  "smoothing": {
    "error_mean": -2.5444444444444443,
    "error_std": 2.5392961015521656,
    "gaussian_mix": 0.0,
    "gaussian_support_std": 4.0,
    "laplace_alpha": 0.0,
    "min_tail_prob": null,
    "pure_gaussian": false,
    "use_tail_cutoff": false
  },
  "snapshot_hour_local": 12,
  "updated_at_utc": "2026-01-27T12:02:38.933682+00:00"
}