{
  "city_key": "CHIHIGH",
  "forecast_source": "mos_gfs_18z_archive",
  "month": 1,
  "n_samples": 94,
  "pmf_error": {
    "-1": 0.0851063829787234,
    "-2": 0.07446808510638298,
    "-3": 0.09574468085106383,
    "-4": 0.07446808510638298,
    "-5": 0.031914893617021274,
    "-7": 0.02127659574468085,
    "-9": 0.010638297872340425,
    "0": 0.19148936170212766,
    "1": 0.1276595744680851,
    "10": 0.010638297872340425,
    "12": 0.02127659574468085,
    "14": 0.010638297872340425,
    "2": 0.0425531914893617,
    "3": 0.09574468085106383,
    "4": 0.05319148936170213,
    "5": 0.010638297872340425,
    "7": 0.010638297872340425,
    "8": 0.010638297872340425,
    "9": 0.02127659574468085
  },
  "pmf_support": {
    "count": 19,
    "max": 14,
    "min": -9
  },
  "smoothing": {
    "error_mean": 0.40425531914893614,
    "error_std": 4.048427982106325,
    "gaussian_mix": 0.0,
    "gaussian_support_std": 4.0,
    "laplace_alpha": 0.0,
    "min_tail_prob": null,
    "pure_gaussian": false,
    "use_tail_cutoff": false
  },
  "snapshot_hour_local": 12,
  "updated_at_utc": "2026-01-27T12:02:38.933682+00:00"
}