{
  "city_key": "CHIHIGH",
  "forecast_source": "mos_gfs_18z_archive",
  "month": 11,
  "n_samples": 90,
  "pmf_error": {
    "-1": 0.14663863037700778,
    "-2": 0.1338986596801675,
    "-3": 0.10692184451367678,
    "-4": 0.07466533755886727,
    "-5": 0.045596761890511525,
    "-6": 0.024350694325362073,
    "-7": 0.011372372447548655,
    "-8": 0.004644651980019284,
    "0": 0.14043745147924483,
    "1": 0.11761964440589849,
    "2": 0.08614680255713297,
    "3": 0.055177350356958824,
    "4": 0.03090614933784363,
    "5": 0.015138795910261744,
    "6": 0.00648485317949863
  },
  "pmf_support": {
    "count": 15,
    "max": 6,
    "min": -8
  },
  "smoothing": {
    "error_mean": -0.8222222222222222,
    "error_std": 2.7308028033194347,
    "gaussian_mix": 1.0,
    "gaussian_support_std": null,
    "laplace_alpha": 0.0,
    "min_tail_prob": 0.01,
    "pure_gaussian": true,
    "use_tail_cutoff": true
  },
  "snapshot_hour_local": 12,
  "updated_at_utc": "2026-01-27T11:32:26.683625+00:00"
}