{
  "city_key": "CHIHIGH",
  "forecast_source": "mos_gfs_18z_archive",
  "month": 2,
  "n_samples": 85,
  "pmf_error": {
    "-1": 0.1411764705882353,
    "-2": 0.07058823529411765,
    "-3": 0.09411764705882353,
    "-4": 0.047058823529411764,
    "-5": 0.03529411764705882,
    "-6": 0.011764705882352941,
    "-8": 0.023529411764705882,
    "0": 0.09411764705882353,
    "1": 0.058823529411764705,
    "2": 0.058823529411764705,
    "20": 0.011764705882352941,
    "3": 0.10588235294117647,
    "4": 0.047058823529411764,
    "5": 0.07058823529411765,
    "6": 0.07058823529411765,
    "7": 0.03529411764705882,
    "8": 0.023529411764705882
  },
  "pmf_support": {
    "count": 17,
    "max": 20,
    "min": -8
  },
  "smoothing": {
    "error_mean": 0.9411764705882353,
    "error_std": 4.265740239675588,
    "gaussian_mix": 0.0,
    "gaussian_support_std": 4.0,
    "laplace_alpha": 0.0,
    "min_tail_prob": null,
    "pure_gaussian": false,
    "use_tail_cutoff": false
  },
  "snapshot_hour_local": 12,
  "updated_at_utc": "2026-01-27T12:02:38.933682+00:00"
}