{
  "city_key": "CHIHIGH",
  "forecast_source": "mos_gfs_18z_archive",
  "month": 6,
  "n_samples": 90,
  "pmf_error": {
    "-1": 0.1365553160477229,
    "-2": 0.11261792701729935,
    "-3": 0.08143995518928855,
    "-4": 0.051641470816446745,
    "-5": 0.02871380587738782,
    "-6": 0.013999547447110067,
    "-7": 0.005985057312385056,
    "-8": 0.0022436427695264297,
    "0": 0.1451913603873304,
    "1": 0.13536426112806527,
    "2": 0.11066195530767112,
    "3": 0.07932749529972774,
    "4": 0.049863208977125976,
    "5": 0.027483230900288556,
    "6": 0.013282701984158991,
    "7": 0.005629063538465161
  },
  "pmf_support": {
    "count": 16,
    "max": 7,
    "min": -8
  },
  "smoothing": {
    "error_mean": -0.03333333333333333,
    "error_std": 2.758622844826744,
    "gaussian_mix": 1.0,
    "gaussian_support_std": null,
    "laplace_alpha": 0.0,
    "min_tail_prob": 0.01,
    "pure_gaussian": true,
    "use_tail_cutoff": true
  },
  "snapshot_hour_local": 12,
  "updated_at_utc": "2026-01-25T23:49:18.594736+00:00"
}