{
  "city_key": "CHIHIGH",
  "forecast_source": "mos_gfs_18z_archive",
  "month": 10,
  "n_samples": 93,
  "pmf_error": {
    "-1": 0.14963944991141415,
    "-2": 0.15141832349364326,
    "-3": 0.13233352087495276,
    "-4": 0.0998896302399171,
    "-5": 0.06512234748746037,
    "-6": 0.036668976906129074,
    "-7": 0.017833091685934624,
    "-8": 0.007490548075386722,
    "-9": 0.0027174380542148674,
    "0": 0.12772410746287252,
    "1": 0.09415833143230651,
    "2": 0.059952008174800495,
    "3": 0.03296915527517565,
    "4": 0.015659251840677933,
    "5": 0.006423819085113806
  },
  "pmf_support": {
    "count": 15,
    "max": 5,
    "min": -9
  },
  "smoothing": {
    "error_mean": -1.5806451612903225,
    "error_std": 2.6123057859390775,
    "gaussian_mix": 1.0,
    "gaussian_support_std": null,
    "laplace_alpha": 0.0,
    "min_tail_prob": 0.01,
    "pure_gaussian": true,
    "use_tail_cutoff": true
  },
  "snapshot_hour_local": 12,
  "updated_at_utc": "2026-01-27T11:32:26.683625+00:00"
}