{
  "city_key": "DCHIGH",
  "forecast_source": "mos_gfs_18z_archive",
  "month": 10,
  "n_samples": 93,
  "pmf_error": {
    "-1": 0.1636161114555411,
    "-2": 0.14540602887297713,
    "-3": 0.10929004295137425,
    "-4": 0.06947372984713211,
    "-5": 0.037351020361705255,
    "-6": 0.016983459556639005,
    "-7": 0.006531180529018421,
    "-8": 0.0021242178368797732,
    "0": 0.1557082257359539,
    "1": 0.1253253370242707,
    "2": 0.08531159120567085,
    "3": 0.04911555315156733,
    "4": 0.02391508191302116,
    "5": 0.00984841955824882
  },
  "pmf_support": {
    "count": 14,
    "max": 5,
    "min": -8
  },
  "smoothing": {
    "error_mean": -0.7956989247311828,
    "error_std": 2.443156515415262,
    "gaussian_mix": 1.0,
    "gaussian_support_std": null,
    "laplace_alpha": 0.0,
    "min_tail_prob": 0.01,
    "pure_gaussian": true,
    "use_tail_cutoff": true
  },
  "snapshot_hour_local": 18,
  "updated_at_utc": "2026-01-27T11:32:33.962998+00:00"
}