{
  "city_key": "DCHIGH",
  "forecast_source": "mos_gfs_18z_archive",
  "month": 5,
  "n_samples": 93,
  "pmf_error": {
    "-1": 0.1427537288093525,
    "-2": 0.12083046978136652,
    "-3": 0.08921401976609088,
    "-4": 0.05745891134154953,
    "-5": 0.03228117391848781,
    "-6": 0.01582008771599042,
    "-7": 0.006762948742114651,
    "-8": 0.0025219179084463067,
    "0": 0.147118097251267,
    "1": 0.13225508492458476,
    "2": 0.10371135281754541,
    "3": 0.07094272413447997,
    "4": 0.042330857275872255,
    "5": 0.02203301386796531,
    "6": 0.010003647797711722,
    "7": 0.003961963947174887
  },
  "pmf_support": {
    "count": 16,
    "max": 7,
    "min": -8
  },
  "smoothing": {
    "error_mean": -0.27956989247311825,
    "error_std": 2.7054925868662365,
    "gaussian_mix": 1.0,
    "gaussian_support_std": null,
    "laplace_alpha": 0.0,
    "min_tail_prob": 0.01,
    "pure_gaussian": true,
    "use_tail_cutoff": true
  },
  "snapshot_hour_local": 18,
  "updated_at_utc": "2026-01-27T11:32:33.962998+00:00"
}