{
  "city_key": "DCHIGH",
  "forecast_source": "mos_gfs_18z_archive",
  "month": 4,
  "n_samples": 90,
  "pmf_error": {
    "-1": 0.09913177460362,
    "-2": 0.08194105932982666,
    "-3": 0.06251800900440492,
    "-4": 0.04402745423112833,
    "-5": 0.02861915988668143,
    "-6": 0.017171374443002225,
    "-7": 0.009509728265967113,
    "-8": 0.004861228409624948,
    "0": 0.11069781747559154,
    "1": 0.11409854521625762,
    "2": 0.10855154944448663,
    "3": 0.09532500082887393,
    "4": 0.0772667205271564,
    "5": 0.05780867464914934,
    "6": 0.039921643924393416,
    "7": 0.025447123166200635,
    "8": 0.014972138573462168,
    "9": 0.008130998020172668
  },
  "pmf_support": {
    "count": 18,
    "max": 9,
    "min": -8
  },
  "smoothing": {
    "error_mean": 0.8777777777777778,
    "error_std": 3.533420683756049,
    "gaussian_mix": 1.0,
    "gaussian_support_std": null,
    "laplace_alpha": 0.0,
    "min_tail_prob": 0.01,
    "pure_gaussian": true,
    "use_tail_cutoff": true
  },
  "snapshot_hour_local": 18,
  "updated_at_utc": "2026-01-27T11:32:33.962998+00:00"
}