{
  "city_key": "DCHIGH",
  "forecast_source": "mos_gfs_18z_archive",
  "month": 1,
  "n_samples": 91,
  "pmf_error": {
    "-1": 0.11065505322976942,
    "-2": 0.09112694954759737,
    "-3": 0.0682617665346141,
    "-4": 0.046511818846443405,
    "-5": 0.02882731754661404,
    "-6": 0.01625175440000901,
    "-7": 0.008333959360319988,
    "-8": 0.0038873855450077942,
    "0": 0.12222239215967391,
    "1": 0.12279633840400378,
    "2": 0.11222126599673302,
    "3": 0.09328676220880902,
    "4": 0.07053748733160585,
    "5": 0.04851489100368172,
    "6": 0.030351855367628265,
    "7": 0.017272314509695023,
    "8": 0.008940688007794195
  },
  "pmf_support": {
    "count": 17,
    "max": 8,
    "min": -8
  },
  "smoothing": {
    "error_mean": 0.5494505494505495,
    "error_std": 3.248883954660638,
    "gaussian_mix": 1.0,
    "gaussian_support_std": null,
    "laplace_alpha": 0.0,
    "min_tail_prob": 0.01,
    "pure_gaussian": true,
    "use_tail_cutoff": true
  },
  "snapshot_hour_local": 18,
  "updated_at_utc": "2026-01-27T11:32:33.962998+00:00"
}