{
  "city_key": "DCHIGH",
  "forecast_source": "mos_gfs_18z_archive",
  "month": 2,
  "n_samples": 85,
  "pmf_error": {
    "-1": 0.15294117647058825,
    "-2": 0.1411764705882353,
    "-3": 0.03529411764705882,
    "-4": 0.03529411764705882,
    "-5": 0.058823529411764705,
    "-6": 0.03529411764705882,
    "-7": 0.011764705882352941,
    "0": 0.16470588235294117,
    "1": 0.10588235294117647,
    "2": 0.07058823529411765,
    "3": 0.047058823529411764,
    "4": 0.07058823529411765,
    "5": 0.03529411764705882,
    "7": 0.023529411764705882,
    "8": 0.011764705882352941
  },
  "pmf_support": {
    "count": 15,
    "max": 8,
    "min": -7
  },
  "smoothing": {
    "error_mean": -0.16470588235294117,
    "error_std": 3.101601327677004,
    "gaussian_mix": 0.0,
    "gaussian_support_std": 4.0,
    "laplace_alpha": 0.0,
    "min_tail_prob": null,
    "pure_gaussian": false,
    "use_tail_cutoff": false
  },
  "snapshot_hour_local": 18,
  "updated_at_utc": "2026-01-27T12:02:32.104053+00:00"
}