{
  "city_key": "DCHIGH",
  "forecast_source": "mos_gfs_18z_archive",
  "month": 9,
  "n_samples": 90,
  "pmf_error": {
    "-1": 0.1812290194807551,
    "-2": 0.14550552098960004,
    "-3": 0.09402226703121047,
    "-4": 0.04889691724742662,
    "-5": 0.020465942759621995,
    "-6": 0.006894162971280045,
    "-7": 0.0018690927398615001,
    "0": 0.18166678227181599,
    "1": 0.14656248562516774,
    "2": 0.09516333081364019,
    "3": 0.04972971401087914,
    "4": 0.020915189492521743,
    "5": 0.007079574566219394
  },
  "pmf_support": {
    "count": 13,
    "max": 5,
    "min": -7
  },
  "smoothing": {
    "error_mean": -0.4888888888888889,
    "error_std": 2.1460270498680654,
    "gaussian_mix": 1.0,
    "gaussian_support_std": null,
    "laplace_alpha": 0.0,
    "min_tail_prob": 0.01,
    "pure_gaussian": true,
    "use_tail_cutoff": true
  },
  "snapshot_hour_local": 18,
  "updated_at_utc": "2026-01-27T11:32:33.962998+00:00"
}