{
  "city_key": "DCHIGH",
  "forecast_source": "mos_gfs_18z_archive",
  "month": 1,
  "n_samples": 91,
  "pmf_error": {
    "-1": 0.12087912087912088,
    "-2": 0.0989010989010989,
    "-3": 0.06593406593406594,
    "-4": 0.07692307692307693,
    "-5": 0.01098901098901099,
    "-7": 0.01098901098901099,
    "0": 0.13186813186813187,
    "1": 0.16483516483516483,
    "11": 0.01098901098901099,
    "2": 0.14285714285714285,
    "3": 0.01098901098901099,
    "4": 0.03296703296703297,
    "5": 0.02197802197802198,
    "6": 0.054945054945054944,
    "7": 0.02197802197802198,
    "8": 0.02197802197802198
  },
  "pmf_support": {
    "count": 16,
    "max": 11,
    "min": -7
  },
  "smoothing": {
    "error_mean": 0.5494505494505495,
    "error_std": 3.248883954660638,
    "gaussian_mix": 0.0,
    "gaussian_support_std": 4.0,
    "laplace_alpha": 0.0,
    "min_tail_prob": null,
    "pure_gaussian": false,
    "use_tail_cutoff": false
  },
  "snapshot_hour_local": 18,
  "updated_at_utc": "2026-01-27T12:02:32.104053+00:00"
}