{
  "city_key": "DCHIGH",
  "forecast_source": "mos_gfs_18z_archive",
  "month": 9,
  "n_samples": 90,
  "pmf_error": {
    "-1": 0.23333333333333334,
    "-2": 0.1111111111111111,
    "-3": 0.08888888888888889,
    "-4": 0.06666666666666667,
    "-5": 0.022222222222222223,
    "0": 0.18888888888888888,
    "1": 0.1111111111111111,
    "2": 0.08888888888888889,
    "3": 0.06666666666666667,
    "5": 0.011111111111111112,
    "6": 0.011111111111111112
  },
  "pmf_support": {
    "count": 11,
    "max": 6,
    "min": -5
  },
  "smoothing": {
    "error_mean": -0.4888888888888889,
    "error_std": 2.1460270498680654,
    "gaussian_mix": 0.0,
    "gaussian_support_std": 4.0,
    "laplace_alpha": 0.0,
    "min_tail_prob": null,
    "pure_gaussian": false,
    "use_tail_cutoff": false
  },
  "snapshot_hour_local": 18,
  "updated_at_utc": "2026-01-27T12:02:32.104053+00:00"
}