{
  "city_key": "DCHIGH",
  "forecast_source": "mos_gfs_18z_archive",
  "month": 3,
  "n_samples": 93,
  "pmf_error": {
    "-1": 0.08121302670169063,
    "-10": 0.009722726936640738,
    "-11": 0.006215897927374334,
    "-12": 0.003809325614128831,
    "-2": 0.07597759573817375,
    "-3": 0.06813556064843178,
    "-4": 0.058572068074231626,
    "-5": 0.04826537894899262,
    "-6": 0.038124953222347185,
    "-7": 0.028867644999333884,
    "-8": 0.020952788519183797,
    "-9": 0.014578093808176618,
    "0": 0.08321359475051997,
    "1": 0.08173184598805429,
    "10": 0.010362014714889949,
    "11": 0.006666925494599649,
    "2": 0.07695144326348291,
    "3": 0.06944974710208288,
    "4": 0.060083193072037466,
    "5": 0.04982688968635282,
    "6": 0.03960983096565908,
    "7": 0.03018357221465703,
    "8": 0.02204787420481009,
    "9": 0.015438007404148177
  },
  "pmf_support": {
    "count": 24,
    "max": 11,
    "min": -12
  },
  "smoothing": {
    "error_mean": 0.07526881720430108,
    "error_std": 4.862046471958001,
    "gaussian_mix": 1.0,
    "gaussian_support_std": null,
    "laplace_alpha": 0.0,
    "min_tail_prob": 0.01,
    "pure_gaussian": true,
    "use_tail_cutoff": true
  },
  "snapshot_hour_local": 18,
  "updated_at_utc": "2026-01-27T11:32:33.962998+00:00"
}