{
  "city_key": "DCHIGH",
  "forecast_source": "mos_gfs_18z_archive",
  "month": 11,
  "n_samples": 90,
  "pmf_error": {
    "-1": 0.11926044408045612,
    "-2": 0.09177470576082573,
    "-3": 0.06246234548743233,
    "-4": 0.03759951857329611,
    "-5": 0.02001773746122116,
    "-6": 0.00942576054465859,
    "-7": 0.003925423561230844,
    "0": 0.13706878156917862,
    "1": 0.1393315251795648,
    "2": 0.12526476807887524,
    "3": 0.09960409525826597,
    "4": 0.07004774517685643,
    "5": 0.04356922488801534,
    "6": 0.023968133568414665,
    "7": 0.011661577624017925,
    "8": 0.005018213187690075
  },
  "pmf_support": {
    "count": 16,
    "max": 8,
    "min": -7
  },
  "smoothing": {
    "error_mean": 0.6333333333333333,
    "error_std": 2.853652630109932,
    "gaussian_mix": 1.0,
    "gaussian_support_std": null,
    "laplace_alpha": 0.0,
    "min_tail_prob": 0.01,
    "pure_gaussian": true,
    "use_tail_cutoff": true
  },
  "snapshot_hour_local": 18,
  "updated_at_utc": "2026-01-27T11:32:33.962998+00:00"
}