{
  "city_key": "DCHIGH",
  "forecast_source": "mos_gfs_18z_archive",
  "month": 8,
  "n_samples": 93,
  "pmf_error": {
    "-1": 0.21505376344086022,
    "-2": 0.13978494623655913,
    "-3": 0.1827956989247312,
    "-4": 0.053763440860215055,
    "-5": 0.03225806451612903,
    "-6": 0.021505376344086023,
    "0": 0.07526881720430108,
    "1": 0.12903225806451613,
    "2": 0.053763440860215055,
    "3": 0.053763440860215055,
    "4": 0.021505376344086023,
    "5": 0.010752688172043012,
    "7": 0.010752688172043012
  },
  "pmf_support": {
    "count": 13,
    "max": 7,
    "min": -6
  },
  "smoothing": {
    "error_mean": -0.9354838709677419,
    "error_std": 2.439841576087784,
    "gaussian_mix": 0.0,
    "gaussian_support_std": 4.0,
    "laplace_alpha": 0.0,
    "min_tail_prob": null,
    "pure_gaussian": false,
    "use_tail_cutoff": false
  },
  "snapshot_hour_local": 18,
  "updated_at_utc": "2026-01-27T12:02:32.104053+00:00"
}