{
  "city_key": "DCHIGH",
  "forecast_source": "mos_gfs_18z_archive",
  "month": 12,
  "n_samples": 93,
  "pmf_error": {
    "-1": 0.15053763440860216,
    "-2": 0.08602150537634409,
    "-3": 0.010752688172043012,
    "-4": 0.03225806451612903,
    "-5": 0.010752688172043012,
    "-6": 0.010752688172043012,
    "-7": 0.021505376344086023,
    "0": 0.12903225806451613,
    "1": 0.15053763440860216,
    "10": 0.010752688172043012,
    "11": 0.010752688172043012,
    "12": 0.010752688172043012,
    "2": 0.10752688172043011,
    "3": 0.12903225806451613,
    "4": 0.043010752688172046,
    "5": 0.021505376344086023,
    "6": 0.021505376344086023,
    "7": 0.021505376344086023,
    "8": 0.021505376344086023
  },
  "pmf_support": {
    "count": 19,
    "max": 12,
    "min": -7
  },
  "smoothing": {
    "error_mean": 1.086021505376344,
    "error_std": 3.4255708698673506,
    "gaussian_mix": 0.0,
    "gaussian_support_std": 4.0,
    "laplace_alpha": 0.0,
    "min_tail_prob": null,
    "pure_gaussian": false,
    "use_tail_cutoff": false
  },
  "snapshot_hour_local": 18,
  "updated_at_utc": "2026-01-27T12:02:32.104053+00:00"
}