{
  "city_key": "DCHIGH",
  "forecast_source": "mos_gfs_18z_archive",
  "month": 2,
  "n_samples": 85,
  "pmf_error": {
    "-1": 0.1252979200096989,
    "-2": 0.1090590306047095,
    "-3": 0.08555277938184142,
    "-4": 0.06048690067571856,
    "-5": 0.038542799829833135,
    "-6": 0.022135019338798374,
    "-7": 0.011457009432942391,
    "-8": 0.0053446264211046805,
    "0": 0.12974206586817227,
    "1": 0.12108001743685494,
    "2": 0.10184010993963129,
    "3": 0.07720047328517184,
    "4": 0.05274433059809385,
    "5": 0.03247777925077774,
    "6": 0.018024016863693215,
    "7": 0.009015121062957732
  },
  "pmf_support": {
    "count": 16,
    "max": 7,
    "min": -8
  },
  "smoothing": {
    "error_mean": -0.16470588235294117,
    "error_std": 3.101601327677004,
    "gaussian_mix": 1.0,
    "gaussian_support_std": null,
    "laplace_alpha": 0.0,
    "min_tail_prob": 0.01,
    "pure_gaussian": true,
    "use_tail_cutoff": true
  },
  "snapshot_hour_local": 18,
  "updated_at_utc": "2026-01-27T11:32:33.962998+00:00"
}