{
  "city_key": "DCHIGH",
  "forecast_source": "mos_gfs_18z_archive",
  "month": 6,
  "n_samples": 90,
  "pmf_error": {
    "-1": 0.14841331200726712,
    "-2": 0.11662102811452531,
    "-3": 0.07803394211878782,
    "-4": 0.04446239996533227,
    "-5": 0.021572721039253975,
    "-6": 0.008912912163839142,
    "-7": 0.003135717994182918,
    "0": 0.1608316511878057,
    "1": 0.14841331200726712,
    "2": 0.11662102811452531,
    "3": 0.07803394211878782,
    "4": 0.04446239996533227,
    "5": 0.021572721039253975,
    "6": 0.008912912163839142
  },
  "pmf_support": {
    "count": 14,
    "max": 6,
    "min": -7
  },
  "smoothing": {
    "error_mean": 0.0,
    "error_std": 2.494438257849294,
    "gaussian_mix": 1.0,
    "gaussian_support_std": null,
    "laplace_alpha": 0.0,
    "min_tail_prob": 0.01,
    "pure_gaussian": true,
    "use_tail_cutoff": true
  },
  "snapshot_hour_local": 18,
  "updated_at_utc": "2026-01-27T11:32:33.962998+00:00"
}