{
  "city_key": "DCHIGH",
  "forecast_source": "mos_gfs_18z_archive",
  "month": 8,
  "n_samples": 93,
  "pmf_error": {
    "-1": 0.1642508315583896,
    "-2": 0.1493904152076683,
    "-3": 0.1148634574765188,
    "-4": 0.07465949159241714,
    "-5": 0.04102344846293611,
    "-6": 0.019055629238939952,
    "-7": 0.007482701433889773,
    "-8": 0.002483919589114628,
    "0": 0.15266392103020396,
    "1": 0.1199524827603658,
    "2": 0.0796757321853226,
    "3": 0.04473906236409582,
    "4": 0.021236927568741872,
    "5": 0.008521979531395617
  },
  "pmf_support": {
    "count": 14,
    "max": 5,
    "min": -8
  },
  "smoothing": {
    "error_mean": -0.9354838709677419,
    "error_std": 2.439841576087784,
    "gaussian_mix": 1.0,
    "gaussian_support_std": null,
    "laplace_alpha": 0.0,
    "min_tail_prob": 0.01,
    "pure_gaussian": true,
    "use_tail_cutoff": true
  },
  "snapshot_hour_local": 18,
  "updated_at_utc": "2026-01-27T11:32:33.962998+00:00"
}