{
  "city_key": "DCHIGH",
  "forecast_source": "mos_gfs_18z_archive",
  "month": 7,
  "n_samples": 93,
  "pmf_error": {
    "-1": 0.151237693016043,
    "-2": 0.12897268896855207,
    "-3": 0.09477445927526962,
    "-4": 0.06001236279846495,
    "-5": 0.03274507481154094,
    "-6": 0.015395971482191595,
    "-7": 0.006237693901598381,
    "0": 0.15281929207421835,
    "1": 0.13306142591265596,
    "2": 0.09983481392798839,
    "3": 0.06454575759818273,
    "4": 0.0359591355272541,
    "5": 0.017262616900218825,
    "6": 0.007141013805821187
  },
  "pmf_support": {
    "count": 14,
    "max": 6,
    "min": -7
  },
  "smoothing": {
    "error_mean": -0.43010752688172044,
    "error_std": 2.5919555015029294,
    "gaussian_mix": 1.0,
    "gaussian_support_std": null,
    "laplace_alpha": 0.0,
    "min_tail_prob": 0.01,
    "pure_gaussian": true,
    "use_tail_cutoff": true
  },
  "snapshot_hour_local": 18,
  "updated_at_utc": "2026-01-27T11:32:33.962998+00:00"
}