{
  "city_key": "DCHIGH",
  "forecast_source": "mos_gfs_18z_archive",
  "month": 10,
  "n_samples": 93,
  "pmf_error": {
    "-1": 0.16129032258064516,
    "-2": 0.20430107526881722,
    "-3": 0.15053763440860216,
    "-4": 0.021505376344086023,
    "-5": 0.03225806451612903,
    "-6": 0.021505376344086023,
    "0": 0.1827956989247312,
    "1": 0.08602150537634409,
    "2": 0.053763440860215055,
    "3": 0.021505376344086023,
    "5": 0.043010752688172046,
    "6": 0.021505376344086023
  },
  "pmf_support": {
    "count": 12,
    "max": 6,
    "min": -6
  },
  "smoothing": {
    "error_mean": -0.7956989247311828,
    "error_std": 2.443156515415262,
    "gaussian_mix": 0.0,
    "gaussian_support_std": 4.0,
    "laplace_alpha": 0.0,
    "min_tail_prob": null,
    "pure_gaussian": false,
    "use_tail_cutoff": false
  },
  "snapshot_hour_local": 18,
  "updated_at_utc": "2026-01-27T12:02:32.104053+00:00"
}