{
  "city_key": "DCHIGH",
  "forecast_source": "mos_gfs_18z_archive",
  "month": 4,
  "n_samples": 90,
  "pmf_error": {
    "-1": 0.022222222222222223,
    "-10": 0.011111111111111112,
    "-11": 0.011111111111111112,
    "-2": 0.08888888888888889,
    "-3": 0.03333333333333333,
    "-4": 0.011111111111111112,
    "-5": 0.044444444444444446,
    "-6": 0.011111111111111112,
    "-9": 0.011111111111111112,
    "0": 0.1111111111111111,
    "1": 0.18888888888888888,
    "2": 0.14444444444444443,
    "3": 0.13333333333333333,
    "4": 0.06666666666666667,
    "5": 0.022222222222222223,
    "6": 0.044444444444444446,
    "7": 0.03333333333333333,
    "8": 0.011111111111111112
  },
  "pmf_support": {
    "count": 18,
    "max": 8,
    "min": -11
  },
  "smoothing": {
    "error_mean": 0.8777777777777778,
    "error_std": 3.533420683756049,
    "gaussian_mix": 0.0,
    "gaussian_support_std": 4.0,
    "laplace_alpha": 0.0,
    "min_tail_prob": null,
    "pure_gaussian": false,
    "use_tail_cutoff": false
  },
  "snapshot_hour_local": 18,
  "updated_at_utc": "2026-01-27T12:02:32.104053+00:00"
}