{
  "city_key": "DCHIGH",
  "forecast_source": "mos_gfs_18z_archive",
  "month": 12,
  "n_samples": 93,
  "pmf_error": {
    "-1": 0.0976627289860173,
    "-2": 0.07834663553987518,
    "-3": 0.057716754936523756,
    "-4": 0.03904572741980893,
    "-5": 0.0242568939488589,
    "-6": 0.01383843312734626,
    "-7": 0.007249844772530153,
    "-8": 0.0034878721323558163,
    "0": 0.11179629695451015,
    "1": 0.11752115205359302,
    "2": 0.11344744524627663,
    "3": 0.10056884422688186,
    "4": 0.0818695223178062,
    "5": 0.06120277477187759,
    "6": 0.04201554747159432,
    "7": 0.026487379865478406,
    "8": 0.01533409083772917,
    "9": 0.008152055390936289
  },
  "pmf_support": {
    "count": 18,
    "max": 9,
    "min": -8
  },
  "smoothing": {
    "error_mean": 1.086021505376344,
    "error_std": 3.4255708698673506,
    "gaussian_mix": 1.0,
    "gaussian_support_std": null,
    "laplace_alpha": 0.0,
    "min_tail_prob": 0.01,
    "pure_gaussian": true,
    "use_tail_cutoff": true
  },
  "snapshot_hour_local": 18,
  "updated_at_utc": "2026-01-27T11:32:33.962998+00:00"
}