{
  "city_key": "DCHIGH",
  "forecast_source": "mos_gfs_18z_archive",
  "month": 3,
  "n_samples": 93,
  "pmf_error": {
    "-1": 0.10752688172043011,
    "-10": 0.010752688172043012,
    "-14": 0.010752688172043012,
    "-2": 0.12903225806451613,
    "-3": 0.06451612903225806,
    "-4": 0.03225806451612903,
    "-5": 0.021505376344086023,
    "-6": 0.043010752688172046,
    "-7": 0.03225806451612903,
    "-8": 0.021505376344086023,
    "-9": 0.010752688172043012,
    "0": 0.06451612903225806,
    "1": 0.08602150537634409,
    "10": 0.010752688172043012,
    "11": 0.010752688172043012,
    "12": 0.010752688172043012,
    "13": 0.010752688172043012,
    "14": 0.010752688172043012,
    "2": 0.06451612903225806,
    "3": 0.11827956989247312,
    "4": 0.043010752688172046,
    "5": 0.03225806451612903,
    "6": 0.043010752688172046,
    "7": 0.010752688172043012
  },
  "pmf_support": {
    "count": 24,
    "max": 14,
    "min": -14
  },
  "smoothing": {
    "error_mean": 0.07526881720430108,
    "error_std": 4.862046471958001,
    "gaussian_mix": 0.0,
    "gaussian_support_std": 4.0,
    "laplace_alpha": 0.0,
    "min_tail_prob": null,
    "pure_gaussian": false,
    "use_tail_cutoff": false
  },
  "snapshot_hour_local": 18,
  "updated_at_utc": "2026-01-27T12:02:32.104053+00:00"
}