{
  "city_key": "DENHIGH",
  "forecast_source": "mos_gfs_18z_archive",
  "month": 1,
  "n_samples": 91,
  "pmf_error": {
    "-1": 0.06542350461998327,
    "-10": 0.004736868796626714,
    "-2": 0.05688109724789143,
    "-3": 0.04761241217164655,
    "-4": 0.03836988187070439,
    "-5": 0.029769997501986733,
    "-6": 0.02223746065785708,
    "-7": 0.01599225277868355,
    "-8": 0.011072664912870539,
    "-9": 0.007380957883741618,
    "0": 0.07244654899882894,
    "1": 0.07723597955856387,
    "10": 0.024908633184867114,
    "11": 0.01816905912333112,
    "12": 0.012759481826642095,
    "13": 0.008626839053114678,
    "2": 0.07927562483113913,
    "3": 0.0783389501263272,
    "4": 0.07453047321686967,
    "5": 0.0682665678466259,
    "6": 0.06020053039318357,
    "7": 0.05111055827817387,
    "8": 0.041777167403761355,
    "9": 0.032876487716579694
  },
  "pmf_support": {
    "count": 24,
    "max": 13,
    "min": -10
  },
  "smoothing": {
    "error_mean": 2.1868131868131866,
    "error_std": 5.133197465308351,
    "gaussian_mix": 1.0,
    "gaussian_support_std": null,
    "laplace_alpha": 0.0,
    "min_tail_prob": 0.01,
    "pure_gaussian": true,
    "use_tail_cutoff": true
  },
  "snapshot_hour_local": 18,
  "updated_at_utc": "2026-01-27T11:32:33.962998+00:00"
}