{
  "city_key": "DENHIGH",
  "forecast_source": "mos_gfs_18z_archive",
  "month": 10,
  "n_samples": 93,
  "pmf_error": {
    "-1": 0.09191667403002865,
    "-10": 0.0042588472525565526,
    "-2": 0.08239072625738432,
    "-3": 0.06969200482923206,
    "-4": 0.05562988754775555,
    "-5": 0.04190385739225485,
    "-6": 0.029786564870200125,
    "-7": 0.019980549886445643,
    "-8": 0.012647801718874726,
    "-9": 0.007555152895953092,
    "0": 0.09676780017201377,
    "1": 0.09613643925690422,
    "10": 0.006671590432189345,
    "2": 0.09012925759151132,
    "3": 0.07973778216901536,
    "4": 0.0665706974985523,
    "5": 0.05244724253654994,
    "6": 0.038992655170493766,
    "7": 0.027356690404571466,
    "8": 0.018111937007261904,
    "9": 0.011315841080251262
  },
  "pmf_support": {
    "count": 21,
    "max": 10,
    "min": -10
  },
  "smoothing": {
    "error_mean": 0.3870967741935484,
    "error_std": 4.153071820926595,
    "gaussian_mix": 1.0,
    "gaussian_support_std": null,
    "laplace_alpha": 0.0,
    "min_tail_prob": 0.01,
    "pure_gaussian": true,
    "use_tail_cutoff": true
  },
  "snapshot_hour_local": 18,
  "updated_at_utc": "2026-01-27T11:32:33.962998+00:00"
}