{
  "city_key": "DENHIGH",
  "forecast_source": "mos_gfs_18z_archive",
  "month": 5,
  "n_samples": 93,
  "pmf_error": {
    "-1": 0.10295924422594653,
    "-2": 0.08162023163061888,
    "-3": 0.05886769042048418,
    "-4": 0.03862805748868877,
    "-5": 0.023060856762170567,
    "-6": 0.012525489431559794,
    "-7": 0.006189572707522565,
    "-8": 0.00278274448217711,
    "0": 0.11816247156880495,
    "1": 0.12337878361914488,
    "2": 0.11720552903819477,
    "3": 0.10129835951148769,
    "4": 0.07965323564648712,
    "5": 0.05698376361204368,
    "6": 0.03708903507110557,
    "7": 0.021962745896712654,
    "8": 0.01183244342499553,
    "9": 0.005799745461854854
  },
  "pmf_support": {
    "count": 18,
    "max": 9,
    "min": -8
  },
  "smoothing": {
    "error_mean": 0.956989247311828,
    "error_std": 3.252505993298632,
    "gaussian_mix": 1.0,
    "gaussian_support_std": null,
    "laplace_alpha": 0.0,
    "min_tail_prob": 0.01,
    "pure_gaussian": true,
    "use_tail_cutoff": true
  },
  "snapshot_hour_local": 18,
  "updated_at_utc": "2026-01-27T11:32:33.962998+00:00"
}