{
  "city_key": "DENHIGH",
  "forecast_source": "mos_gfs_18z_archive",
  "month": 3,
  "n_samples": 93,
  "pmf_error": {
    "-1": 0.10317712508829248,
    "-10": 0.0030919870048315415,
    "-2": 0.09272166834410257,
    "-3": 0.07763623005135041,
    "-4": 0.06056657641983863,
    "-5": 0.044023746489792064,
    "-6": 0.02981441955372705,
    "-7": 0.018812698899791102,
    "-8": 0.011060155597866599,
    "-9": 0.0060583834197646905,
    "0": 0.10697221637826781,
    "1": 0.10333416915146883,
    "2": 0.09300414315318457,
    "3": 0.07799127607879708,
    "4": 0.06093616840036939,
    "5": 0.044359806756032,
    "6": 0.030087737719788645,
    "7": 0.019014057805521255,
    "8": 0.011195550968095621,
    "9": 0.00614188271911749
  },
  "pmf_support": {
    "count": 20,
    "max": 9,
    "min": -10
  },
  "smoothing": {
    "error_mean": 0.010752688172043012,
    "error_std": 3.7602751662522826,
    "gaussian_mix": 1.0,
    "gaussian_support_std": null,
    "laplace_alpha": 0.0,
    "min_tail_prob": 0.01,
    "pure_gaussian": true,
    "use_tail_cutoff": true
  },
  "snapshot_hour_local": 18,
  "updated_at_utc": "2026-01-27T11:32:33.962998+00:00"
}