{
  "city_key": "DENHIGH",
  "forecast_source": "mos_gfs_18z_archive",
  "month": 9,
  "n_samples": 90,
  "pmf_error": {
    "-1": 0.15343476518777346,
    "-2": 0.13475660188162467,
    "-3": 0.10188956932227385,
    "-4": 0.06632279187942643,
    "-5": 0.03716629506726295,
    "-6": 0.017930365351406387,
    "-7": 0.00744701802316892,
    "-8": 0.002662741877419632,
    "0": 0.15040105848255558,
    "1": 0.12692039353280063,
    "2": 0.09220730417624301,
    "3": 0.05767035668323354,
    "4": 0.03105226956529003,
    "5": 0.014394197438205076,
    "6": 0.00574427153131585
  },
  "pmf_support": {
    "count": 15,
    "max": 6,
    "min": -8
  },
  "smoothing": {
    "error_mean": -0.6333333333333333,
    "error_std": 2.583924663504466,
    "gaussian_mix": 1.0,
    "gaussian_support_std": null,
    "laplace_alpha": 0.0,
    "min_tail_prob": 0.01,
    "pure_gaussian": true,
    "use_tail_cutoff": true
  },
  "snapshot_hour_local": 18,
  "updated_at_utc": "2026-01-27T11:32:33.962998+00:00"
}