{
  "city_key": "DENHIGH",
  "forecast_source": "mos_gfs_18z_archive",
  "month": 2,
  "n_samples": 85,
  "pmf_error": {
    "-1": 0.07251538740623699,
    "-10": 0.018528494383102882,
    "-11": 0.013588042421744478,
    "-12": 0.009653964073777131,
    "-13": 0.006644869909189812,
    "-14": 0.004430975083258312,
    "-2": 0.07073897328633917,
    "-3": 0.06685276175623009,
    "-4": 0.061208533520716195,
    "-5": 0.05429209698077863,
    "-6": 0.04665447194561547,
    "-7": 0.0388402449982737,
    "-8": 0.03132583553584009,
    "-9": 0.024476842124680823,
    "0": 0.07201676537989507,
    "1": 0.06928976227145231,
    "10": 0.01175517579638425,
    "11": 0.008237298271044358,
    "2": 0.0645857268858411,
    "3": 0.058322489359672026,
    "4": 0.05102318603507746,
    "5": 0.04324452341600091,
    "6": 0.035508038094614426,
    "7": 0.028245824695617712,
    "8": 0.02176776609010193,
    "9": 0.016251950278514726
  },
  "pmf_support": {
    "count": 26,
    "max": 11,
    "min": -14
  },
  "smoothing": {
    "error_mean": -0.7176470588235294,
    "error_std": 5.616387293302849,
    "gaussian_mix": 1.0,
    "gaussian_support_std": null,
    "laplace_alpha": 0.0,
    "min_tail_prob": 0.01,
    "pure_gaussian": true,
    "use_tail_cutoff": true
  },
  "snapshot_hour_local": 18,
  "updated_at_utc": "2026-01-27T11:32:33.962998+00:00"
}