{
  "city_key": "DENHIGH",
  "forecast_source": "mos_gfs_18z_archive",
  "month": 11,
  "n_samples": 90,
  "pmf_error": {
    "-1": 0.10096422635564684,
    "-10": 0.002653207272596667,
    "-2": 0.08924959536425382,
    "-3": 0.07354199515736567,
    "-4": 0.05648784126079191,
    "-5": 0.04044501178726681,
    "-6": 0.026993883714688433,
    "-7": 0.01679407920660083,
    "-8": 0.009739517441933389,
    "-9": 0.0052651300195410335,
    "0": 0.10646802696609423,
    "1": 0.10465531955798606,
    "2": 0.09589452856410867,
    "3": 0.0819061979815292,
    "4": 0.06521239091941902,
    "5": 0.04839872243426938,
    "6": 0.03348328739553065,
    "7": 0.021592985906055902,
    "8": 0.012980389670223334,
    "9": 0.00727366302409839
  },
  "pmf_support": {
    "count": 20,
    "max": 9,
    "min": -10
  },
  "smoothing": {
    "error_mean": 0.25555555555555554,
    "error_std": 3.772888993599559,
    "gaussian_mix": 1.0,
    "gaussian_support_std": null,
    "laplace_alpha": 0.0,
    "min_tail_prob": 0.01,
    "pure_gaussian": true,
    "use_tail_cutoff": true
  },
  "snapshot_hour_local": 18,
  "updated_at_utc": "2026-01-27T11:32:33.962998+00:00"
}