{
  "city_key": "DENHIGH",
  "forecast_source": "mos_gfs_18z_archive",
  "month": 12,
  "n_samples": 93,
  "pmf_error": {
    "-1": 0.08513827163909625,
    "-2": 0.0689672362990673,
    "-3": 0.052124825749555785,
    "-4": 0.036756166399441514,
    "-5": 0.024182411184247833,
    "-6": 0.014844063156956393,
    "-7": 0.008501386972777384,
    "-8": 0.004542663595195226,
    "0": 0.09805971701175997,
    "1": 0.10537564388491173,
    "10": 0.008887051089166504,
    "2": 0.1056510084352156,
    "3": 0.09883046796396741,
    "4": 0.08625650486121049,
    "5": 0.07023873166961642,
    "6": 0.05336361775824739,
    "7": 0.037826631465216164,
    "8": 0.025016921826630432,
    "9": 0.015436679037720145
  },
  "pmf_support": {
    "count": 19,
    "max": 10,
    "min": -8
  },
  "smoothing": {
    "error_mean": 1.5376344086021505,
    "error_std": 3.7974500210064455,
    "gaussian_mix": 1.0,
    "gaussian_support_std": null,
    "laplace_alpha": 0.0,
    "min_tail_prob": 0.01,
    "pure_gaussian": true,
    "use_tail_cutoff": true
  },
  "snapshot_hour_local": 18,
  "updated_at_utc": "2026-01-27T11:32:33.962998+00:00"
}