{
  "city_key": "DENHIGH",
  "forecast_source": "mos_gfs_18z_archive",
  "month": 6,
  "n_samples": 90,
  "pmf_error": {
    "-1": 0.1,
    "-10": 0.011111111111111112,
    "-11": 0.011111111111111112,
    "-2": 0.12222222222222222,
    "-3": 0.1,
    "-4": 0.1111111111111111,
    "-5": 0.03333333333333333,
    "-6": 0.05555555555555555,
    "-7": 0.011111111111111112,
    "-8": 0.022222222222222223,
    "0": 0.13333333333333333,
    "1": 0.06666666666666667,
    "2": 0.05555555555555555,
    "3": 0.1,
    "4": 0.022222222222222223,
    "8": 0.022222222222222223,
    "9": 0.022222222222222223
  },
  "pmf_support": {
    "count": 17,
    "max": 9,
    "min": -11
  },
  "smoothing": {
    "error_mean": -1.1333333333333333,
    "error_std": 3.742251253516317,
    "gaussian_mix": 0.0,
    "gaussian_support_std": 4.0,
    "laplace_alpha": 0.0,
    "min_tail_prob": null,
    "pure_gaussian": false,
    "use_tail_cutoff": false
  },
  "snapshot_hour_local": 18,
  "updated_at_utc": "2026-01-27T12:02:32.104053+00:00"
}