{
  "city_key": "DENHIGH",
  "forecast_source": "mos_gfs_18z_archive",
  "month": 7,
  "n_samples": 93,
  "pmf_error": {
    "-1": 0.12955649106246542,
    "-2": 0.11706697251980813,
    "-3": 0.095092498621572,
    "-4": 0.06943761447676164,
    "-5": 0.04558059469623682,
    "-6": 0.026896876177215912,
    "-7": 0.014267910016077752,
    "-8": 0.006803862703338414,
    "-9": 0.0029166705899345254,
    "0": 0.1288904168710339,
    "1": 0.1152706497759132,
    "2": 0.0926730626479694,
    "3": 0.06697688601569327,
    "4": 0.04351440499606536,
    "5": 0.025414279898258434,
    "6": 0.013343176458839897,
    "7": 0.006297632472815856
  },
  "pmf_support": {
    "count": 17,
    "max": 7,
    "min": -9
  },
  "smoothing": {
    "error_mean": -0.5483870967741935,
    "error_std": 3.063893541737755,
    "gaussian_mix": 1.0,
    "gaussian_support_std": null,
    "laplace_alpha": 0.0,
    "min_tail_prob": 0.01,
    "pure_gaussian": true,
    "use_tail_cutoff": true
  },
  "snapshot_hour_local": 18,
  "updated_at_utc": "2026-01-27T11:32:33.962998+00:00"
}