{
  "city_key": "DENHIGH",
  "forecast_source": "mos_gfs_18z_archive",
  "month": 6,
  "n_samples": 90,
  "pmf_error": {
    "-1": 0.1073579217430689,
    "-10": 0.006487753557304937,
    "-11": 0.0033237080470506658,
    "-2": 0.10458353716990514,
    "-3": 0.09485961705866222,
    "-4": 0.08011027422785263,
    "-5": 0.06299177991294755,
    "-6": 0.04611777563813858,
    "-7": 0.031437039056383426,
    "-8": 0.01995279440214656,
    "-9": 0.01179110836694965,
    "0": 0.10261094225485706,
    "1": 0.09131498791718011,
    "2": 0.07566225257149395,
    "3": 0.058372094626166854,
    "4": 0.041929540142048624,
    "5": 0.02804295217134937,
    "6": 0.017462892220932905,
    "7": 0.010125055823143042,
    "8": 0.005465973092417925
  },
  "pmf_support": {
    "count": 20,
    "max": 8,
    "min": -11
  },
  "smoothing": {
    "error_mean": -1.1333333333333333,
    "error_std": 3.742251253516317,
    "gaussian_mix": 1.0,
    "gaussian_support_std": null,
    "laplace_alpha": 0.0,
    "min_tail_prob": 0.01,
    "pure_gaussian": true,
    "use_tail_cutoff": true
  },
  "snapshot_hour_local": 18,
  "updated_at_utc": "2026-01-27T11:32:33.962998+00:00"
}