{
  "city_key": "DENHIGH",
  "forecast_source": "mos_gfs_18z_archive",
  "month": 12,
  "n_samples": 93,
  "pmf_error": {
    "-1": 0.0967741935483871,
    "-2": 0.06451612903225806,
    "-3": 0.043010752688172046,
    "-4": 0.03225806451612903,
    "-5": 0.03225806451612903,
    "-6": 0.010752688172043012,
    "-7": 0.010752688172043012,
    "-8": 0.010752688172043012,
    "0": 0.0967741935483871,
    "1": 0.053763440860215055,
    "14": 0.010752688172043012,
    "2": 0.10752688172043011,
    "3": 0.17204301075268819,
    "4": 0.053763440860215055,
    "5": 0.0967741935483871,
    "6": 0.03225806451612903,
    "7": 0.043010752688172046,
    "8": 0.010752688172043012,
    "9": 0.021505376344086023
  },
  "pmf_support": {
    "count": 19,
    "max": 14,
    "min": -8
  },
  "smoothing": {
    "error_mean": 1.5376344086021505,
    "error_std": 3.7974500210064455,
    "gaussian_mix": 0.0,
    "gaussian_support_std": 4.0,
    "laplace_alpha": 0.0,
    "min_tail_prob": null,
    "pure_gaussian": false,
    "use_tail_cutoff": false
  },
  "snapshot_hour_local": 18,
  "updated_at_utc": "2026-01-27T12:02:32.104053+00:00"
}