{
  "city_key": "DENHIGH",
  "forecast_source": "mos_gfs_18z_archive",
  "month": 4,
  "n_samples": 90,
  "pmf_error": {
    "-1": 0.08544202300424222,
    "-2": 0.06869130113223333,
    "-3": 0.05141814428584534,
    "-4": 0.03583566682675144,
    "-5": 0.023254072249039283,
    "-6": 0.0140496977183624,
    "-7": 0.007903498570539466,
    "-8": 0.004139579365266779,
    "0": 0.0989522646576597,
    "1": 0.10669999259603145,
    "10": 0.008454965824245549,
    "2": 0.10712417152228701,
    "3": 0.10013709742844154,
    "4": 0.08715392633240784,
    "5": 0.07062579525846906,
    "6": 0.05328735707025692,
    "7": 0.03743427669910699,
    "8": 0.024484945813297465,
    "9": 0.014911223645516275
  },
  "pmf_support": {
    "count": 19,
    "max": 10,
    "min": -8
  },
  "smoothing": {
    "error_mean": 1.5555555555555556,
    "error_std": 3.7419873243775785,
    "gaussian_mix": 1.0,
    "gaussian_support_std": null,
    "laplace_alpha": 0.0,
    "min_tail_prob": 0.01,
    "pure_gaussian": true,
    "use_tail_cutoff": true
  },
  "snapshot_hour_local": 18,
  "updated_at_utc": "2026-01-27T11:32:33.962998+00:00"
}