{
  "city_key": "DENHIGH",
  "forecast_source": "mos_gfs_18z_archive",
  "month": 7,
  "n_samples": 93,
  "pmf_error": {
    "-1": 0.15053763440860216,
    "-2": 0.13978494623655913,
    "-3": 0.11827956989247312,
    "-4": 0.043010752688172046,
    "-5": 0.010752688172043012,
    "-6": 0.03225806451612903,
    "-7": 0.03225806451612903,
    "-8": 0.010752688172043012,
    "0": 0.08602150537634409,
    "1": 0.13978494623655913,
    "2": 0.0967741935483871,
    "3": 0.010752688172043012,
    "4": 0.07526881720430108,
    "5": 0.021505376344086023,
    "6": 0.03225806451612903
  },
  "pmf_support": {
    "count": 15,
    "max": 6,
    "min": -8
  },
  "smoothing": {
    "error_mean": -0.5483870967741935,
    "error_std": 3.063893541737755,
    "gaussian_mix": 0.0,
    "gaussian_support_std": 4.0,
    "laplace_alpha": 0.0,
    "min_tail_prob": null,
    "pure_gaussian": false,
    "use_tail_cutoff": false
  },
  "snapshot_hour_local": 18,
  "updated_at_utc": "2026-01-27T12:02:32.104053+00:00"
}