{
  "city_key": "DENHIGH",
  "forecast_source": "mos_gfs_18z_archive",
  "month": 2,
  "n_samples": 85,
  "pmf_error": {
    "-1": 0.11764705882352941,
    "-10": 0.011764705882352941,
    "-14": 0.011764705882352941,
    "-15": 0.023529411764705882,
    "-2": 0.058823529411764705,
    "-3": 0.11764705882352941,
    "-4": 0.058823529411764705,
    "-5": 0.023529411764705882,
    "-6": 0.03529411764705882,
    "-7": 0.03529411764705882,
    "-8": 0.047058823529411764,
    "-9": 0.011764705882352941,
    "0": 0.03529411764705882,
    "1": 0.09411764705882353,
    "10": 0.011764705882352941,
    "12": 0.011764705882352941,
    "19": 0.011764705882352941,
    "2": 0.047058823529411764,
    "3": 0.047058823529411764,
    "4": 0.09411764705882353,
    "5": 0.011764705882352941,
    "6": 0.03529411764705882,
    "7": 0.03529411764705882,
    "8": 0.011764705882352941
  },
  "pmf_support": {
    "count": 24,
    "max": 19,
    "min": -15
  },
  "smoothing": {
    "error_mean": -0.7176470588235294,
    "error_std": 5.616387293302849,
    "gaussian_mix": 0.0,
    "gaussian_support_std": 4.0,
    "laplace_alpha": 0.0,
    "min_tail_prob": null,
    "pure_gaussian": false,
    "use_tail_cutoff": false
  },
  "snapshot_hour_local": 18,
  "updated_at_utc": "2026-01-27T12:02:32.104053+00:00"
}