{
  "city_key": "DENHIGH",
  "forecast_source": "mos_gfs_18z_archive",
  "month": 11,
  "n_samples": 90,
  "pmf_error": {
    "-1": 0.1111111111111111,
    "-10": 0.022222222222222223,
    "-12": 0.011111111111111112,
    "-2": 0.06666666666666667,
    "-3": 0.1,
    "-4": 0.05555555555555555,
    "-5": 0.03333333333333333,
    "-7": 0.011111111111111112,
    "0": 0.07777777777777778,
    "1": 0.08888888888888889,
    "2": 0.15555555555555556,
    "3": 0.06666666666666667,
    "4": 0.1,
    "5": 0.03333333333333333,
    "6": 0.03333333333333333,
    "7": 0.022222222222222223,
    "9": 0.011111111111111112
  },
  "pmf_support": {
    "count": 17,
    "max": 9,
    "min": -12
  },
  "smoothing": {
    "error_mean": 0.25555555555555554,
    "error_std": 3.772888993599559,
    "gaussian_mix": 0.0,
    "gaussian_support_std": 4.0,
    "laplace_alpha": 0.0,
    "min_tail_prob": null,
    "pure_gaussian": false,
    "use_tail_cutoff": false
  },
  "snapshot_hour_local": 18,
  "updated_at_utc": "2026-01-27T12:02:32.104053+00:00"
}