{
  "city_key": "DENHIGH",
  "forecast_source": "mos_gfs_18z_archive",
  "month": 1,
  "n_samples": 91,
  "pmf_error": {
    "-1": 0.0989010989010989,
    "-11": 0.01098901098901099,
    "-2": 0.08791208791208792,
    "-3": 0.01098901098901099,
    "-4": 0.02197802197802198,
    "-5": 0.03296703296703297,
    "-6": 0.01098901098901099,
    "-8": 0.01098901098901099,
    "-9": 0.01098901098901099,
    "0": 0.12087912087912088,
    "1": 0.06593406593406594,
    "10": 0.01098901098901099,
    "11": 0.01098901098901099,
    "12": 0.02197802197802198,
    "14": 0.01098901098901099,
    "2": 0.0989010989010989,
    "23": 0.01098901098901099,
    "3": 0.07692307692307693,
    "4": 0.02197802197802198,
    "5": 0.06593406593406594,
    "6": 0.08791208791208792,
    "7": 0.03296703296703297,
    "8": 0.04395604395604396,
    "9": 0.02197802197802198
  },
  "pmf_support": {
    "count": 24,
    "max": 23,
    "min": -11
  },
  "smoothing": {
    "error_mean": 2.1868131868131866,
    "error_std": 5.133197465308351,
    "gaussian_mix": 0.0,
    "gaussian_support_std": 4.0,
    "laplace_alpha": 0.0,
    "min_tail_prob": null,
    "pure_gaussian": false,
    "use_tail_cutoff": false
  },
  "snapshot_hour_local": 18,
  "updated_at_utc": "2026-01-27T12:02:32.104053+00:00"
}