{
  "city_key": "DENHIGH",
  "forecast_source": "mos_gfs_18z_archive",
  "month": 9,
  "n_samples": 90,
  "pmf_error": {
    "-1": 0.15555555555555556,
    "-2": 0.15555555555555556,
    "-3": 0.06666666666666667,
    "-4": 0.07777777777777778,
    "-5": 0.011111111111111112,
    "-6": 0.022222222222222223,
    "-7": 0.022222222222222223,
    "0": 0.2111111111111111,
    "1": 0.08888888888888889,
    "2": 0.07777777777777778,
    "3": 0.044444444444444446,
    "4": 0.03333333333333333,
    "5": 0.022222222222222223,
    "6": 0.011111111111111112
  },
  "pmf_support": {
    "count": 14,
    "max": 6,
    "min": -7
  },
  "smoothing": {
    "error_mean": -0.6333333333333333,
    "error_std": 2.583924663504466,
    "gaussian_mix": 0.0,
    "gaussian_support_std": 4.0,
    "laplace_alpha": 0.0,
    "min_tail_prob": null,
    "pure_gaussian": false,
    "use_tail_cutoff": false
  },
  "snapshot_hour_local": 18,
  "updated_at_utc": "2026-01-27T12:02:32.104053+00:00"
}