{
  "city_key": "DENHIGH",
  "forecast_source": "mos_gfs_18z_archive",
  "month": 3,
  "n_samples": 93,
  "pmf_error": {
    "-1": 0.07526881720430108,
    "-10": 0.021505376344086023,
    "-11": 0.010752688172043012,
    "-2": 0.06451612903225806,
    "-3": 0.053763440860215055,
    "-4": 0.06451612903225806,
    "-6": 0.021505376344086023,
    "-7": 0.03225806451612903,
    "-8": 0.010752688172043012,
    "0": 0.12903225806451613,
    "1": 0.1935483870967742,
    "2": 0.10752688172043011,
    "3": 0.07526881720430108,
    "4": 0.03225806451612903,
    "5": 0.043010752688172046,
    "6": 0.03225806451612903,
    "7": 0.021505376344086023,
    "8": 0.010752688172043012
  },
  "pmf_support": {
    "count": 18,
    "max": 8,
    "min": -11
  },
  "smoothing": {
    "error_mean": 0.010752688172043012,
    "error_std": 3.7602751662522826,
    "gaussian_mix": 0.0,
    "gaussian_support_std": 4.0,
    "laplace_alpha": 0.0,
    "min_tail_prob": null,
    "pure_gaussian": false,
    "use_tail_cutoff": false
  },
  "snapshot_hour_local": 18,
  "updated_at_utc": "2026-01-27T12:02:32.104053+00:00"
}