{
  "city_key": "DENHIGH",
  "forecast_source": "mos_gfs_18z_archive",
  "month": 8,
  "n_samples": 93,
  "pmf_error": {
    "-1": 0.15399524098423745,
    "-2": 0.12776139680844048,
    "-3": 0.09044947590752922,
    "-4": 0.054641990346073366,
    "-5": 0.028168324661572305,
    "-6": 0.012391091874150635,
    "-7": 0.004651276833046615,
    "0": 0.1583904527495503,
    "1": 0.13901598864761297,
    "2": 0.10411530052786348,
    "3": 0.06653932844972187,
    "4": 0.036287439250114406,
    "5": 0.016886835861567695,
    "6": 0.006705857098519116
  },
  "pmf_support": {
    "count": 14,
    "max": 6,
    "min": -7
  },
  "smoothing": {
    "error_mean": -0.3225806451612903,
    "error_std": 2.5108850785937933,
    "gaussian_mix": 1.0,
    "gaussian_support_std": null,
    "laplace_alpha": 0.0,
    "min_tail_prob": 0.01,
    "pure_gaussian": true,
    "use_tail_cutoff": true
  },
  "snapshot_hour_local": 18,
  "updated_at_utc": "2026-01-27T11:32:33.962998+00:00"
}