{
  "city_key": "LAXHIGH",
  "forecast_source": "mos_gfs_18z_archive",
  "month": 11,
  "n_samples": 90,
  "pmf_error": {
    "-1": 0.12113128638072648,
    "-2": 0.10648128936448435,
    "-3": 0.08490830436602999,
    "-4": 0.061416763920980236,
    "-5": 0.04029800865276792,
    "-6": 0.02398502286432459,
    "-7": 0.012949606824706805,
    "-8": 0.006342097628349427,
    "-9": 0.00281753395425722,
    "0": 0.12499690280912185,
    "1": 0.1170043665423889,
    "2": 0.09934929325988691,
    "3": 0.0765221897249763,
    "4": 0.05346503937062266,
    "5": 0.03388537432634484,
    "6": 0.01948114949075024,
    "7": 0.010159603642614215,
    "8": 0.004806166876667016
  },
  "pmf_support": {
    "count": 18,
    "max": 8,
    "min": -9
  },
  "smoothing": {
    "error_mean": -0.17777777777777778,
    "error_std": 3.2026994786612875,
    "gaussian_mix": 1.0,
    "gaussian_support_std": null,
    "laplace_alpha": 0.0,
    "min_tail_prob": 0.01,
    "pure_gaussian": true,
    "use_tail_cutoff": true
  },
  "snapshot_hour_local": 12,
  "updated_at_utc": "2026-01-27T11:32:26.683625+00:00"
}