{
  "city_key": "LAXHIGH",
  "forecast_source": "mos_gfs_18z_archive",
  "month": 9,
  "n_samples": 90,
  "pmf_error": {
    "-1": 0.18888888888888888,
    "-2": 0.06666666666666667,
    "-3": 0.06666666666666667,
    "-4": 0.022222222222222223,
    "-5": 0.011111111111111112,
    "-8": 0.011111111111111112,
    "0": 0.14444444444444443,
    "1": 0.2,
    "12": 0.011111111111111112,
    "2": 0.13333333333333333,
    "3": 0.06666666666666667,
    "4": 0.05555555555555555,
    "5": 0.022222222222222223
  },
  "pmf_support": {
    "count": 13,
    "max": 12,
    "min": -8
  },
  "smoothing": {
    "error_mean": 0.37777777777777777,
    "error_std": 2.5758613565941513,
    "gaussian_mix": 0.0,
    "gaussian_support_std": 4.0,
    "laplace_alpha": 0.0,
    "min_tail_prob": null,
    "pure_gaussian": false,
    "use_tail_cutoff": false
  },
  "snapshot_hour_local": 12,
  "updated_at_utc": "2026-01-27T12:02:38.933682+00:00"
}