{
  "city_key": "LAXHIGH",
  "forecast_source": "mos_gfs_18z_archive",
  "month": 1,
  "n_samples": 93,
  "pmf_error": {
    "-1": 0.15076926740836916,
    "-2": 0.1337410244960724,
    "-3": 0.1027445163543961,
    "-4": 0.06835886510264816,
    "-5": 0.039388842721381045,
    "-6": 0.01965593844808312,
    "-7": 0.00849486597425282,
    "-8": 0.003179519291660994,
    "0": 0.14719843369993782,
    "1": 0.12446170278836582,
    "2": 0.09114030408711551,
    "3": 0.057799940784012446,
    "4": 0.03174581631519101,
    "5": 0.015100376993144595,
    "6": 0.006220585535368905
  },
  "pmf_support": {
    "count": 15,
    "max": 6,
    "min": -8
  },
  "smoothing": {
    "error_mean": -0.6666666666666666,
    "error_std": 2.636930984671603,
    "gaussian_mix": 1.0,
    "gaussian_support_std": null,
    "laplace_alpha": 0.0,
    "min_tail_prob": 0.01,
    "pure_gaussian": true,
    "use_tail_cutoff": true
  },
  "snapshot_hour_local": 12,
  "updated_at_utc": "2026-01-25T23:49:18.594736+00:00"
}