{
  "city_key": "LAXHIGH",
  "forecast_source": "mos_gfs_18z_archive",
  "month": 12,
  "n_samples": 93,
  "pmf_error": {
    "-1": 0.0967741935483871,
    "-11": 0.010752688172043012,
    "-12": 0.010752688172043012,
    "-14": 0.010752688172043012,
    "-2": 0.08602150537634409,
    "-3": 0.08602150537634409,
    "-4": 0.06451612903225806,
    "-5": 0.07526881720430108,
    "-6": 0.010752688172043012,
    "-8": 0.010752688172043012,
    "0": 0.10752688172043011,
    "1": 0.16129032258064516,
    "2": 0.10752688172043011,
    "3": 0.06451612903225806,
    "4": 0.03225806451612903,
    "5": 0.021505376344086023,
    "6": 0.043010752688172046
  },
  "pmf_support": {
    "count": 17,
    "max": 6,
    "min": -14
  },
  "smoothing": {
    "error_mean": -0.6451612903225806,
    "error_std": 3.6768533803290344,
    "gaussian_mix": 0.0,
    "gaussian_support_std": 4.0,
    "laplace_alpha": 0.0,
    "min_tail_prob": null,
    "pure_gaussian": false,
    "use_tail_cutoff": false
  },
  "snapshot_hour_local": 12,
  "updated_at_utc": "2026-01-27T12:02:38.933682+00:00"
}