{
  "city_key": "LAXHIGH",
  "forecast_source": "mos_gfs_18z_archive",
  "month": 2,
  "n_samples": 85,
  "pmf_error": {
    "-1": 0.12992590465246243,
    "-2": 0.11113096744760136,
    "-3": 0.08481299025060747,
    "-4": 0.05775340447304212,
    "-5": 0.03508978763238118,
    "-6": 0.019022685330628817,
    "-7": 0.009201335000531321,
    "-8": 0.00397116375552525,
    "0": 0.13553277745672823,
    "1": 0.12614814304943386,
    "2": 0.10476237128656384,
    "3": 0.07762787767978827,
    "4": 0.051323709750021165,
    "5": 0.030276544164015415,
    "6": 0.01593611660684201,
    "7": 0.007484221463827412
  },
  "pmf_support": {
    "count": 16,
    "max": 7,
    "min": -8
  },
  "smoothing": {
    "error_mean": -0.12941176470588237,
    "error_std": 2.961669780592252,
    "gaussian_mix": 1.0,
    "gaussian_support_std": null,
    "laplace_alpha": 0.0,
    "min_tail_prob": 0.01,
    "pure_gaussian": true,
    "use_tail_cutoff": true
  },
  "snapshot_hour_local": 12,
  "updated_at_utc": "2026-01-27T11:32:26.683625+00:00"
}