{
  "city_key": "LAXHIGH",
  "forecast_source": "mos_gfs_18z_archive",
  "month": 12,
  "n_samples": 93,
  "pmf_error": {
    "-1": 0.10907545602811702,
    "-10": 0.004306344794757441,
    "-2": 0.10239200984018597,
    "-3": 0.08926494569303822,
    "-4": 0.07227226561044658,
    "-5": 0.05434232812046168,
    "-6": 0.03794728057677704,
    "-7": 0.024609280889271057,
    "-8": 0.014821529922019088,
    "-9": 0.008290161551883224,
    "0": 0.10791053703114681,
    "1": 0.09914630129300207,
    "2": 0.08459896065621407,
    "3": 0.0670392866948906,
    "4": 0.04933664222823883,
    "5": 0.033719850444183345,
    "6": 0.02140314223576877,
    "7": 0.012616685644917438,
    "8": 0.006906990744680445
  },
  "pmf_support": {
    "count": 19,
    "max": 8,
    "min": -10
  },
  "smoothing": {
    "error_mean": -0.6451612903225806,
    "error_std": 3.6768533803290344,
    "gaussian_mix": 1.0,
    "gaussian_support_std": null,
    "laplace_alpha": 0.0,
    "min_tail_prob": 0.01,
    "pure_gaussian": true,
    "use_tail_cutoff": true
  },
  "snapshot_hour_local": 12,
  "updated_at_utc": "2026-01-27T11:32:26.683625+00:00"
}