{
  "city_key": "LAXHIGH",
  "forecast_source": "mos_gfs_18z_archive",
  "month": 5,
  "n_samples": 93,
  "pmf_error": {
    "-1": 0.17094790899744985,
    "-2": 0.12321467143206956,
    "-3": 0.07093516602109869,
    "-4": 0.03261829766919566,
    "-5": 0.011980129974923311,
    "-6": 0.0035144899349248064,
    "0": 0.18943738871165705,
    "1": 0.16767493248190332,
    "2": 0.11854169085210833,
    "3": 0.06693829267284293,
    "4": 0.030191082187493636,
    "5": 0.010876352279411023,
    "6": 0.003129596784921687
  },
  "pmf_support": {
    "count": 13,
    "max": 6,
    "min": -6
  },
  "smoothing": {
    "error_mean": -0.043010752688172046,
    "error_std": 2.1094461307127528,
    "gaussian_mix": 1.0,
    "gaussian_support_std": null,
    "laplace_alpha": 0.0,
    "min_tail_prob": 0.01,
    "pure_gaussian": true,
    "use_tail_cutoff": true
  },
  "snapshot_hour_local": 12,
  "updated_at_utc": "2026-01-25T23:49:18.594736+00:00"
}