{
  "city_key": "LAXHIGH",
  "forecast_source": "mos_gfs_18z_archive",
  "month": 9,
  "n_samples": 90,
  "pmf_error": {
    "-1": 0.13473807410658897,
    "-2": 0.10152695870402928,
    "-3": 0.0657987954566738,
    "-4": 0.03667752609469443,
    "-5": 0.017584403925496435,
    "-6": 0.00725104821161346,
    "-7": 0.0025716949925832294,
    "0": 0.15379592164800673,
    "1": 0.1509888327173498,
    "2": 0.12749418035627597,
    "3": 0.09259369600695265,
    "4": 0.05783863081654698,
    "5": 0.03107421113692595,
    "6": 0.014359117389031797,
    "7": 0.005706908437230406
  },
  "pmf_support": {
    "count": 15,
    "max": 7,
    "min": -7
  },
  "smoothing": {
    "error_mean": 0.37777777777777777,
    "error_std": 2.5758613565941513,
    "gaussian_mix": 1.0,
    "gaussian_support_std": null,
    "laplace_alpha": 0.0,
    "min_tail_prob": 0.01,
    "pure_gaussian": true,
    "use_tail_cutoff": true
  },
  "snapshot_hour_local": 12,
  "updated_at_utc": "2026-01-27T11:32:26.683625+00:00"
}