{
  "city_key": "LAXHIGH",
  "forecast_source": "mos_gfs_18z_archive",
  "month": 7,
  "n_samples": 93,
  "pmf_error": {
    "-1": 0.23655913978494625,
    "-2": 0.07526881720430108,
    "-3": 0.06451612903225806,
    "-4": 0.03225806451612903,
    "0": 0.24731182795698925,
    "1": 0.16129032258064516,
    "2": 0.07526881720430108,
    "3": 0.043010752688172046,
    "4": 0.03225806451612903,
    "5": 0.021505376344086023,
    "6": 0.010752688172043012
  },
  "pmf_support": {
    "count": 11,
    "max": 6,
    "min": -4
  },
  "smoothing": {
    "error_mean": 0.03225806451612903,
    "error_std": 1.980830785319476,
    "gaussian_mix": 0.0,
    "gaussian_support_std": 4.0,
    "laplace_alpha": 0.0,
    "min_tail_prob": null,
    "pure_gaussian": false,
    "use_tail_cutoff": false
  },
  "snapshot_hour_local": 12,
  "updated_at_utc": "2026-01-27T12:02:38.933682+00:00"
}