{
  "city_key": "LAXHIGH",
  "forecast_source": "mos_gfs_18z_archive",
  "month": 8,
  "n_samples": 93,
  "pmf_error": {
    "-1": 0.13748817362917226,
    "-2": 0.09187294917049195,
    "-3": 0.050628695185976555,
    "-4": 0.023008726102105363,
    "-5": 0.0086233333737681,
    "-6": 0.002665290431449368,
    "0": 0.16967966202459828,
    "1": 0.17269549174385698,
    "2": 0.14495025128644065,
    "3": 0.10033297900437647,
    "4": 0.05727369521410967,
    "5": 0.026962084365836962,
    "6": 0.010467391909032071,
    "7": 0.0033512765587854656
  },
  "pmf_support": {
    "count": 14,
    "max": 7,
    "min": -6
  },
  "smoothing": {
    "error_mean": 0.5913978494623656,
    "error_std": 2.2776924709568322,
    "gaussian_mix": 1.0,
    "gaussian_support_std": null,
    "laplace_alpha": 0.0,
    "min_tail_prob": 0.01,
    "pure_gaussian": true,
    "use_tail_cutoff": true
  },
  "snapshot_hour_local": 12,
  "updated_at_utc": "2026-01-25T23:49:18.594736+00:00"
}