{
  "city_key": "LAXHIGH",
  "forecast_source": "mos_gfs_18z_archive",
  "month": 1,
  "n_samples": 94,
  "pmf_error": {
    "-1": 0.11702127659574468,
    "-2": 0.14893617021276595,
    "-3": 0.10638297872340426,
    "-4": 0.07446808510638298,
    "-5": 0.031914893617021274,
    "-6": 0.02127659574468085,
    "-9": 0.010638297872340425,
    "0": 0.1276595744680851,
    "1": 0.14893617021276595,
    "2": 0.11702127659574468,
    "3": 0.0425531914893617,
    "4": 0.031914893617021274,
    "5": 0.02127659574468085
  },
  "pmf_support": {
    "count": 13,
    "max": 5,
    "min": -9
  },
  "smoothing": {
    "error_mean": -0.6702127659574468,
    "error_std": 2.6230901780896176,
    "gaussian_mix": 0.0,
    "gaussian_support_std": 4.0,
    "laplace_alpha": 0.0,
    "min_tail_prob": null,
    "pure_gaussian": false,
    "use_tail_cutoff": false
  },
  "snapshot_hour_local": 12,
  "updated_at_utc": "2026-01-27T12:02:38.933682+00:00"
}