{
  "city_key": "LAXHIGH",
  "forecast_source": "mos_gfs_18z_archive",
  "month": 3,
  "n_samples": 93,
  "pmf_error": {
    "-1": 0.14665237823275595,
    "-2": 0.11137717191269669,
    "-3": 0.07159899023723197,
    "-4": 0.03896020598938939,
    "-5": 0.017944824977567973,
    "-6": 0.006996177909405385,
    "-7": 0.002308798854975844,
    "0": 0.16345028038858586,
    "1": 0.15420052954244867,
    "2": 0.12313731961648644,
    "3": 0.08323330928684393,
    "4": 0.04762206944225941,
    "5": 0.02306338247909633,
    "6": 0.009454561130256391
  },
  "pmf_support": {
    "count": 14,
    "max": 6,
    "min": -7
  },
  "smoothing": {
    "error_mean": 0.15053763440860216,
    "error_std": 2.449253722457261,
    "gaussian_mix": 1.0,
    "gaussian_support_std": null,
    "laplace_alpha": 0.0,
    "min_tail_prob": 0.01,
    "pure_gaussian": true,
    "use_tail_cutoff": true
  },
  "snapshot_hour_local": 12,
  "updated_at_utc": "2026-01-27T11:32:26.683625+00:00"
}