{
  "city_key": "LAXHIGH",
  "forecast_source": "mos_gfs_18z_archive",
  "month": 1,
  "n_samples": 94,
  "pmf_error": {
    "-1": 0.15154533931721736,
    "-2": 0.13432829868072868,
    "-3": 0.10296124130366643,
    "-4": 0.0682435092137351,
    "-5": 0.03911382225762639,
    "-6": 0.019385655490907417,
    "-7": 0.008308297683099963,
    "-8": 0.0030791080752632016,
    "0": 0.14784239191843782,
    "1": 0.12472017221637845,
    "2": 0.0909820564969924,
    "3": 0.057392629394172986,
    "4": 0.03130673813781939,
    "5": 0.014767291404942,
    "6": 0.006023448409012395
  },
  "pmf_support": {
    "count": 15,
    "max": 6,
    "min": -8
  },
  "smoothing": {
    "error_mean": -0.6702127659574468,
    "error_std": 2.6230901780896176,
    "gaussian_mix": 1.0,
    "gaussian_support_std": null,
    "laplace_alpha": 0.0,
    "min_tail_prob": 0.01,
    "pure_gaussian": true,
    "use_tail_cutoff": true
  },
  "snapshot_hour_local": 12,
  "updated_at_utc": "2026-01-27T11:32:26.683625+00:00"
}