{
  "city_key": "LAXHIGH",
  "forecast_source": "mos_gfs_18z_archive",
  "month": 6,
  "n_samples": 90,
  "pmf_error": {
    "-1": 0.14444444444444443,
    "-2": 0.08888888888888889,
    "-3": 0.03333333333333333,
    "-4": 0.022222222222222223,
    "-5": 0.011111111111111112,
    "0": 0.32222222222222224,
    "1": 0.17777777777777778,
    "2": 0.12222222222222222,
    "3": 0.06666666666666667,
    "5": 0.011111111111111112
  },
  "pmf_support": {
    "count": 10,
    "max": 5,
    "min": -5
  },
  "smoothing": {
    "error_mean": 0.1111111111111111,
    "error_std": 1.7220430014274997,
    "gaussian_mix": 0.0,
    "gaussian_support_std": 4.0,
    "laplace_alpha": 0.0,
    "min_tail_prob": null,
    "pure_gaussian": false,
    "use_tail_cutoff": false
  },
  "snapshot_hour_local": 12,
  "updated_at_utc": "2026-01-27T12:02:38.933682+00:00"
}