{
  "city_key": "LAXHIGH",
  "forecast_source": "mos_gfs_18z_archive",
  "month": 3,
  "n_samples": 93,
  "pmf_error": {
    "-1": 0.16129032258064516,
    "-2": 0.0967741935483871,
    "-3": 0.043010752688172046,
    "-4": 0.03225806451612903,
    "-5": 0.010752688172043012,
    "-6": 0.010752688172043012,
    "-7": 0.010752688172043012,
    "0": 0.22580645161290322,
    "1": 0.13978494623655913,
    "10": 0.010752688172043012,
    "2": 0.13978494623655913,
    "3": 0.053763440860215055,
    "4": 0.053763440860215055,
    "5": 0.010752688172043012
  },
  "pmf_support": {
    "count": 14,
    "max": 10,
    "min": -7
  },
  "smoothing": {
    "error_mean": 0.15053763440860216,
    "error_std": 2.449253722457261,
    "gaussian_mix": 0.0,
    "gaussian_support_std": 4.0,
    "laplace_alpha": 0.0,
    "min_tail_prob": null,
    "pure_gaussian": false,
    "use_tail_cutoff": false
  },
  "snapshot_hour_local": 12,
  "updated_at_utc": "2026-01-27T12:02:38.933682+00:00"
}