{
  "city_key": "LAXHIGH",
  "forecast_source": "mos_gfs_18z_archive",
  "month": 10,
  "n_samples": 93,
  "pmf_error": {
    "-1": 0.10537446926688682,
    "-10": 0.006025968851019823,
    "-11": 0.0031127879247148985,
    "-2": 0.10085456862847293,
    "-3": 0.09013553214224822,
    "-4": 0.07522059301244248,
    "-5": 0.05861621260517973,
    "-6": 0.04265196356533771,
    "-7": 0.02898014674908424,
    "-8": 0.018386641402680502,
    "-9": 0.010892924832256755,
    "0": 0.10280529871012445,
    "1": 0.09365605778850544,
    "2": 0.07967031280312203,
    "3": 0.06328451356547042,
    "4": 0.04693952010370895,
    "5": 0.03251023576895924,
    "6": 0.02102528386313302,
    "7": 0.012697081047374752,
    "8": 0.0071598873692774725
  },
  "pmf_support": {
    "count": 20,
    "max": 8,
    "min": -11
  },
  "smoothing": {
    "error_mean": -0.8602150537634409,
    "error_std": 3.8201260966900157,
    "gaussian_mix": 1.0,
    "gaussian_support_std": null,
    "laplace_alpha": 0.0,
    "min_tail_prob": 0.01,
    "pure_gaussian": true,
    "use_tail_cutoff": true
  },
  "snapshot_hour_local": 12,
  "updated_at_utc": "2026-01-27T11:32:26.683625+00:00"
}