{
  "city_key": "LAXHIGH",
  "forecast_source": "mos_gfs_18z_archive",
  "month": 4,
  "n_samples": 90,
  "pmf_error": {
    "-1": 0.15078627392522428,
    "-2": 0.12066316349029563,
    "-3": 0.08224336881661759,
    "-4": 0.04774637029945872,
    "-5": 0.023609844070038258,
    "-6": 0.00994395527014048,
    "-7": 0.003567290619039516,
    "0": 0.16049525537180623,
    "1": 0.14550431514165613,
    "2": 0.11235769846684736,
    "3": 0.07389976924862461,
    "4": 0.04139964494211228,
    "5": 0.019754381515147027,
    "6": 0.00802866882299189
  },
  "pmf_support": {
    "count": 14,
    "max": 6,
    "min": -7
  },
  "smoothing": {
    "error_mean": -0.1111111111111111,
    "error_std": 2.496417185774866,
    "gaussian_mix": 1.0,
    "gaussian_support_std": null,
    "laplace_alpha": 0.0,
    "min_tail_prob": 0.01,
    "pure_gaussian": true,
    "use_tail_cutoff": true
  },
  "snapshot_hour_local": 12,
  "updated_at_utc": "2026-01-27T11:32:26.683625+00:00"
}