{
  "city_key": "LAXHIGH",
  "forecast_source": "mos_gfs_18z_archive",
  "month": 7,
  "n_samples": 93,
  "pmf_error": {
    "-1": 0.1763705485230278,
    "-2": 0.11935147045884,
    "-3": 0.06259566847603033,
    "-4": 0.02544342595520946,
    "-5": 0.00801533530218908,
    "-6": 0.00195696293441812,
    "0": 0.20199431949087715,
    "1": 0.17929453255154645,
    "2": 0.12334164476292961,
    "3": 0.06576082058410689,
    "4": 0.027173120295503724,
    "5": 0.008702150665321502
  },
  "pmf_support": {
    "count": 12,
    "max": 5,
    "min": -6
  },
  "smoothing": {
    "error_mean": 0.03225806451612903,
    "error_std": 1.980830785319476,
    "gaussian_mix": 1.0,
    "gaussian_support_std": null,
    "laplace_alpha": 0.0,
    "min_tail_prob": 0.01,
    "pure_gaussian": true,
    "use_tail_cutoff": true
  },
  "snapshot_hour_local": 12,
  "updated_at_utc": "2026-01-27T11:32:26.683625+00:00"
}