{
  "city_key": "LAXHIGH",
  "forecast_source": "mos_gfs_18z_archive",
  "month": 5,
  "n_samples": 93,
  "pmf_error": {
    "-1": 0.17204301075268819,
    "-2": 0.10752688172043011,
    "-3": 0.043010752688172046,
    "-4": 0.021505376344086023,
    "-5": 0.021505376344086023,
    "-6": 0.010752688172043012,
    "0": 0.25806451612903225,
    "1": 0.20430107526881722,
    "2": 0.06451612903225806,
    "3": 0.03225806451612903,
    "4": 0.03225806451612903,
    "5": 0.021505376344086023,
    "6": 0.010752688172043012
  },
  "pmf_support": {
    "count": 13,
    "max": 6,
    "min": -6
  },
  "smoothing": {
    "error_mean": -0.043010752688172046,
    "error_std": 2.1094461307127528,
    "gaussian_mix": 0.0,
    "gaussian_support_std": 4.0,
    "laplace_alpha": 0.0,
    "min_tail_prob": null,
    "pure_gaussian": false,
    "use_tail_cutoff": false
  },
  "snapshot_hour_local": 12,
  "updated_at_utc": "2026-01-27T12:02:38.933682+00:00"
}