{
  "city_key": "LAXHIGH",
  "forecast_source": "mos_gfs_18z_archive",
  "month": 11,
  "n_samples": 90,
  "pmf_error": {
    "-1": 0.12222222222222222,
    "-11": 0.011111111111111112,
    "-12": 0.011111111111111112,
    "-2": 0.08888888888888889,
    "-3": 0.05555555555555555,
    "-4": 0.03333333333333333,
    "-5": 0.022222222222222223,
    "-6": 0.022222222222222223,
    "-9": 0.011111111111111112,
    "0": 0.18888888888888888,
    "1": 0.15555555555555556,
    "2": 0.12222222222222222,
    "3": 0.08888888888888889,
    "4": 0.044444444444444446,
    "8": 0.022222222222222223
  },
  "pmf_support": {
    "count": 15,
    "max": 8,
    "min": -12
  },
  "smoothing": {
    "error_mean": -0.17777777777777778,
    "error_std": 3.2026994786612875,
    "gaussian_mix": 0.0,
    "gaussian_support_std": 4.0,
    "laplace_alpha": 0.0,
    "min_tail_prob": null,
    "pure_gaussian": false,
    "use_tail_cutoff": false
  },
  "snapshot_hour_local": 12,
  "updated_at_utc": "2026-01-27T12:02:38.933682+00:00"
}