{
  "city_key": "LVHIGH",
  "forecast_source": "mos_gfs_18z_archive",
  "month": 11,
  "n_samples": 90,
  "pmf_error": {
    "-1": 0.15901446204399858,
    "-2": 0.105509097016095,
    "-3": 0.05558219060033721,
    "-4": 0.023247372963277255,
    "-5": 0.007719773855679883,
    "-6": 0.0020352967745872305,
    "0": 0.19027240758483333,
    "1": 0.18076213980615793,
    "2": 0.13634261050513727,
    "3": 0.08164849940827774,
    "4": 0.038820156404226897,
    "5": 0.0146540890145539,
    "6": 0.004391904022837698
  },
  "pmf_support": {
    "count": 13,
    "max": 6,
    "min": -6
  },
  "smoothing": {
    "error_mean": 0.2777777777777778,
    "error_std": 2.0818142609954307,
    "gaussian_mix": 1.0,
    "gaussian_support_std": null,
    "laplace_alpha": 0.0,
    "min_tail_prob": 0.01,
    "pure_gaussian": true,
    "use_tail_cutoff": true
  },
  "snapshot_hour_local": 18,
  "updated_at_utc": "2026-01-27T11:32:33.962998+00:00"
}