{
  "city_key": "LVHIGH",
  "forecast_source": "mos_gfs_18z_archive",
  "month": 4,
  "n_samples": 90,
  "pmf_error": {
    "-1": 0.3111111111111111,
    "-2": 0.2111111111111111,
    "-3": 0.06666666666666667,
    "-4": 0.03333333333333333,
    "0": 0.17777777777777778,
    "1": 0.13333333333333333,
    "2": 0.03333333333333333,
    "3": 0.022222222222222223,
    "9": 0.011111111111111112
  },
  "pmf_support": {
    "count": 9,
    "max": 9,
    "min": -4
  },
  "smoothing": {
    "error_mean": -0.7,
    "error_std": 1.7792008193443356,
    "gaussian_mix": 0.0,
    "gaussian_support_std": 4.0,
    "laplace_alpha": 0.0,
    "min_tail_prob": null,
    "pure_gaussian": false,
    "use_tail_cutoff": false
  },
  "snapshot_hour_local": 18,
  "updated_at_utc": "2026-01-27T12:02:32.104053+00:00"
}