{
  "city_key": "LVHIGH",
  "forecast_source": "mos_gfs_18z_archive",
  "month": 10,
  "n_samples": 93,
  "pmf_error": {
    "-1": 0.27956989247311825,
    "-2": 0.21505376344086022,
    "-3": 0.06451612903225806,
    "-4": 0.021505376344086023,
    "0": 0.20430107526881722,
    "1": 0.11827956989247312,
    "2": 0.06451612903225806,
    "3": 0.03225806451612903
  },
  "pmf_support": {
    "count": 8,
    "max": 3,
    "min": -4
  },
  "smoothing": {
    "error_mean": -0.6451612903225806,
    "error_std": 1.5214958774732934,
    "gaussian_mix": 0.0,
    "gaussian_support_std": 4.0,
    "laplace_alpha": 0.0,
    "min_tail_prob": null,
    "pure_gaussian": false,
    "use_tail_cutoff": false
  },
  "snapshot_hour_local": 18,
  "updated_at_utc": "2026-01-27T12:02:32.104053+00:00"
}