{
  "city_key": "LVHIGH",
  "forecast_source": "mos_gfs_18z_archive",
  "month": 1,
  "n_samples": 91,
  "pmf_error": {
    "-1": 0.1607748416866378,
    "-2": 0.1443254527227855,
    "-3": 0.11014412168828136,
    "-4": 0.07146168916443721,
    "-5": 0.03941656629307789,
    "-6": 0.018483229573617713,
    "-7": 0.007368354032471185,
    "-8": 0.002497219221468775,
    "0": 0.15226034535709654,
    "1": 0.12258831855663453,
    "2": 0.0839083002749055,
    "3": 0.048826356411849986,
    "4": 0.024154456397149117,
    "5": 0.01015859805254781,
    "6": 0.003632150567039194
  },
  "pmf_support": {
    "count": 15,
    "max": 6,
    "min": -8
  },
  "smoothing": {
    "error_mean": -0.8351648351648352,
    "error_std": 2.4818627188559303,
    "gaussian_mix": 1.0,
    "gaussian_support_std": null,
    "laplace_alpha": 0.0,
    "min_tail_prob": 0.01,
    "pure_gaussian": true,
    "use_tail_cutoff": true
  },
  "snapshot_hour_local": 18,
  "updated_at_utc": "2026-01-27T11:32:33.962998+00:00"
}