{
  "city_key": "LVHIGH",
  "forecast_source": "mos_gfs_18z_archive",
  "month": 11,
  "n_samples": 90,
  "pmf_error": {
    "-1": 0.13333333333333333,
    "-2": 0.14444444444444443,
    "-3": 0.044444444444444446,
    "-4": 0.011111111111111112,
    "-6": 0.011111111111111112,
    "0": 0.2,
    "1": 0.18888888888888888,
    "2": 0.15555555555555556,
    "3": 0.05555555555555555,
    "4": 0.011111111111111112,
    "5": 0.03333333333333333,
    "6": 0.011111111111111112
  },
  "pmf_support": {
    "count": 12,
    "max": 6,
    "min": -6
  },
  "smoothing": {
    "error_mean": 0.2777777777777778,
    "error_std": 2.0818142609954307,
    "gaussian_mix": 0.0,
    "gaussian_support_std": 4.0,
    "laplace_alpha": 0.0,
    "min_tail_prob": null,
    "pure_gaussian": false,
    "use_tail_cutoff": false
  },
  "snapshot_hour_local": 18,
  "updated_at_utc": "2026-01-27T12:02:32.104053+00:00"
}