{
  "city_key": "LVHIGH",
  "forecast_source": "mos_gfs_18z_archive",
  "month": 12,
  "n_samples": 93,
  "pmf_error": {
    "-1": 0.13978494623655913,
    "-2": 0.08602150537634409,
    "-3": 0.03225806451612903,
    "-6": 0.010752688172043012,
    "-7": 0.021505376344086023,
    "0": 0.12903225806451613,
    "1": 0.21505376344086022,
    "2": 0.16129032258064516,
    "3": 0.12903225806451613,
    "4": 0.043010752688172046,
    "5": 0.03225806451612903
  },
  "pmf_support": {
    "count": 11,
    "max": 5,
    "min": -7
  },
  "smoothing": {
    "error_mean": 0.6344086021505376,
    "error_std": 2.308399558398919,
    "gaussian_mix": 0.0,
    "gaussian_support_std": 4.0,
    "laplace_alpha": 0.0,
    "min_tail_prob": null,
    "pure_gaussian": false,
    "use_tail_cutoff": false
  },
  "snapshot_hour_local": 18,
  "updated_at_utc": "2026-01-27T12:02:32.104053+00:00"
}