{
  "city_key": "LVHIGH",
  "forecast_source": "mos_gfs_18z_archive",
  "month": 6,
  "n_samples": 90,
  "pmf_error": {
    "-1": 0.1,
    "-2": 0.2,
    "-3": 0.03333333333333333,
    "-4": 0.022222222222222223,
    "-7": 0.011111111111111112,
    "0": 0.24444444444444444,
    "1": 0.2222222222222222,
    "2": 0.13333333333333333,
    "3": 0.03333333333333333
  },
  "pmf_support": {
    "count": 9,
    "max": 3,
    "min": -7
  },
  "smoothing": {
    "error_mean": -0.17777777777777778,
    "error_std": 1.7674701177909486,
    "gaussian_mix": 0.0,
    "gaussian_support_std": 4.0,
    "laplace_alpha": 0.0,
    "min_tail_prob": null,
    "pure_gaussian": false,
    "use_tail_cutoff": false
  },
  "snapshot_hour_local": 18,
  "updated_at_utc": "2026-01-27T12:02:32.104053+00:00"
}