{
  "city_key": "LVHIGH",
  "forecast_source": "mos_gfs_18z_archive",
  "month": 5,
  "n_samples": 93,
  "pmf_error": {
    "-1": 0.16928738542804464,
    "-2": 0.11612422662220112,
    "-3": 0.06280666351306606,
    "-4": 0.02678386593016351,
    "-5": 0.009005865426476285,
    "-6": 0.0023876039841323306,
    "0": 0.1945857405944901,
    "1": 0.17635268526420836,
    "2": 0.12601951196041303,
    "3": 0.07100323906042848,
    "4": 0.031543013357917704,
    "5": 0.01104874244381064,
    "6": 0.0030514564146477932
  },
  "pmf_support": {
    "count": 13,
    "max": 6,
    "min": -6
  },
  "smoothing": {
    "error_mean": 0.08602150537634409,
    "error_std": 2.051256703597492,
    "gaussian_mix": 1.0,
    "gaussian_support_std": null,
    "laplace_alpha": 0.0,
    "min_tail_prob": 0.01,
    "pure_gaussian": true,
    "use_tail_cutoff": true
  },
  "snapshot_hour_local": 18,
  "updated_at_utc": "2026-01-27T11:32:33.962998+00:00"
}