{
  "city_key": "LVHIGH",
  "forecast_source": "mos_gfs_18z_archive",
  "month": 12,
  "n_samples": 93,
  "pmf_error": {
    "-1": 0.13481390404621493,
    "-2": 0.0903188682275815,
    "-3": 0.05015582740043243,
    "-4": 0.02308678308372455,
    "-5": 0.008808552694275629,
    "-6": 0.0027857670798656395,
    "0": 0.16679767593314107,
    "1": 0.17105840400505207,
    "2": 0.14541122972230985,
    "3": 0.1024591125041632,
    "4": 0.05984148237145547,
    "5": 0.02897031434579389,
    "6": 0.011625273605351136,
    "7": 0.003866804980638755
  },
  "pmf_support": {
    "count": 14,
    "max": 7,
    "min": -6
  },
  "smoothing": {
    "error_mean": 0.6344086021505376,
    "error_std": 2.308399558398919,
    "gaussian_mix": 1.0,
    "gaussian_support_std": null,
    "laplace_alpha": 0.0,
    "min_tail_prob": 0.01,
    "pure_gaussian": true,
    "use_tail_cutoff": true
  },
  "snapshot_hour_local": 18,
  "updated_at_utc": "2026-01-27T11:32:33.962998+00:00"
}