{
  "city_key": "LVHIGH",
  "forecast_source": "mos_gfs_18z_archive",
  "month": 6,
  "n_samples": 90,
  "pmf_error": {
    "-1": 0.20291150324583873,
    "-2": 0.13288933295377367,
    "-3": 0.06319062587021902,
    "-4": 0.021816961962879692,
    "-5": 0.00546908879172637,
    "0": 0.22495844293892356,
    "1": 0.1810827197243259,
    "2": 0.1058353626210197,
    "3": 0.044912132637974375,
    "4": 0.01383807359048973,
    "5": 0.003095755662829072
  },
  "pmf_support": {
    "count": 11,
    "max": 5,
    "min": -5
  },
  "smoothing": {
    "error_mean": -0.17777777777777778,
    "error_std": 1.7674701177909486,
    "gaussian_mix": 1.0,
    "gaussian_support_std": null,
    "laplace_alpha": 0.0,
    "min_tail_prob": 0.01,
    "pure_gaussian": true,
    "use_tail_cutoff": true
  },
  "snapshot_hour_local": 18,
  "updated_at_utc": "2026-01-27T11:32:33.962998+00:00"
}