{
  "city_key": "LVHIGH",
  "forecast_source": "mos_gfs_18z_archive",
  "month": 8,
  "n_samples": 93,
  "pmf_error": {
    "-1": 0.16561749780696478,
    "-2": 0.1426002410226529,
    "-3": 0.10306542281605131,
    "-4": 0.06252942110172455,
    "-5": 0.03184450597602704,
    "-6": 0.013613296782194586,
    "-7": 0.004885070081691834,
    "0": 0.16146220062152136,
    "1": 0.13213388514908522,
    "2": 0.09076872420916968,
    "3": 0.052340389099452364,
    "4": 0.025334734155990614,
    "5": 0.010293769640578137,
    "6": 0.0035108415368958067
  },
  "pmf_support": {
    "count": 14,
    "max": 6,
    "min": -7
  },
  "smoothing": {
    "error_mean": -0.6451612903225806,
    "error_std": 2.3901462648829295,
    "gaussian_mix": 1.0,
    "gaussian_support_std": null,
    "laplace_alpha": 0.0,
    "min_tail_prob": 0.01,
    "pure_gaussian": true,
    "use_tail_cutoff": true
  },
  "snapshot_hour_local": 18,
  "updated_at_utc": "2026-01-27T11:32:33.962998+00:00"
}