{
  "city_key": "LVHIGH",
  "forecast_source": "mos_gfs_18z_archive",
  "month": 9,
  "n_samples": 90,
  "pmf_error": {
    "-1": 0.16396913486803302,
    "-2": 0.17476464157734622,
    "-3": 0.15384048481839055,
    "-4": 0.1118441602348699,
    "-5": 0.06715550048080894,
    "-6": 0.03330239525309626,
    "-7": 0.013639390256168307,
    "-8": 0.004613601126813665,
    "0": 0.1270563116012079,
    "1": 0.08131225141035099,
    "2": 0.04297751815606438,
    "3": 0.01876084012996127,
    "4": 0.006763770086888876
  },
  "pmf_support": {
    "count": 13,
    "max": 4,
    "min": -8
  },
  "smoothing": {
    "error_mean": -1.8333333333333333,
    "error_std": 2.286433418619002,
    "gaussian_mix": 1.0,
    "gaussian_support_std": null,
    "laplace_alpha": 0.0,
    "min_tail_prob": 0.01,
    "pure_gaussian": true,
    "use_tail_cutoff": true
  },
  "snapshot_hour_local": 18,
  "updated_at_utc": "2026-01-27T11:32:33.962998+00:00"
}