{
  "city_key": "LVHIGH",
  "forecast_source": "mos_gfs_18z_archive",
  "month": 2,
  "n_samples": 85,
  "pmf_error": {
    "-1": 0.25882352941176473,
    "-2": 0.15294117647058825,
    "-3": 0.08235294117647059,
    "-4": 0.047058823529411764,
    "-5": 0.011764705882352941,
    "-6": 0.023529411764705882,
    "-7": 0.011764705882352941,
    "-8": 0.023529411764705882,
    "0": 0.09411764705882353,
    "1": 0.15294117647058825,
    "2": 0.09411764705882353,
    "3": 0.011764705882352941,
    "4": 0.011764705882352941,
    "6": 0.011764705882352941,
    "7": 0.011764705882352941
  },
  "pmf_support": {
    "count": 15,
    "max": 7,
    "min": -8
  },
  "smoothing": {
    "error_mean": -0.8941176470588236,
    "error_std": 2.5714428516108123,
    "gaussian_mix": 0.0,
    "gaussian_support_std": 4.0,
    "laplace_alpha": 0.0,
    "min_tail_prob": null,
    "pure_gaussian": false,
    "use_tail_cutoff": false
  },
  "snapshot_hour_local": 18,
  "updated_at_utc": "2026-01-27T12:02:32.104053+00:00"
}