{
  "city_key": "LVHIGH",
  "forecast_source": "mos_gfs_18z_archive",
  "month": 3,
  "n_samples": 93,
  "pmf_error": {
    "-1": 0.16635842891658537,
    "-2": 0.1324749720641515,
    "-3": 0.08724150060523748,
    "-4": 0.047513025032312105,
    "-5": 0.021399444532470887,
    "-6": 0.007970628786768262,
    "-7": 0.0024551776975800907,
    "0": 0.17276511279206308,
    "1": 0.14837732935454165,
    "2": 0.10538512524262596,
    "3": 0.06190009936524789,
    "4": 0.03006793761417742,
    "5": 0.012078588867179916,
    "6": 0.004012629129058283
  },
  "pmf_support": {
    "count": 14,
    "max": 6,
    "min": -7
  },
  "smoothing": {
    "error_mean": -0.3010752688172043,
    "error_std": 2.29438279111923,
    "gaussian_mix": 1.0,
    "gaussian_support_std": null,
    "laplace_alpha": 0.0,
    "min_tail_prob": 0.01,
    "pure_gaussian": true,
    "use_tail_cutoff": true
  },
  "snapshot_hour_local": 18,
  "updated_at_utc": "2026-01-27T11:32:33.962998+00:00"
}