{
  "city_key": "LVHIGH",
  "forecast_source": "mos_gfs_18z_archive",
  "month": 1,
  "n_samples": 91,
  "pmf_error": {
    "-1": 0.15384615384615385,
    "-2": 0.17582417582417584,
    "-3": 0.054945054945054944,
    "-4": 0.04395604395604396,
    "-5": 0.06593406593406594,
    "-6": 0.03296703296703297,
    "-7": 0.01098901098901099,
    "0": 0.12087912087912088,
    "1": 0.16483516483516483,
    "2": 0.10989010989010989,
    "3": 0.03296703296703297,
    "4": 0.03296703296703297
  },
  "pmf_support": {
    "count": 12,
    "max": 4,
    "min": -7
  },
  "smoothing": {
    "error_mean": -0.8351648351648352,
    "error_std": 2.4818627188559303,
    "gaussian_mix": 0.0,
    "gaussian_support_std": 4.0,
    "laplace_alpha": 0.0,
    "min_tail_prob": null,
    "pure_gaussian": false,
    "use_tail_cutoff": false
  },
  "snapshot_hour_local": 18,
  "updated_at_utc": "2026-01-27T12:02:32.104053+00:00"
}