{
  "city_key": "LVHIGH",
  "forecast_source": "mos_gfs_18z_archive",
  "month": 9,
  "n_samples": 90,
  "pmf_error": {
    "-1": 0.2111111111111111,
    "-10": 0.011111111111111112,
    "-11": 0.011111111111111112,
    "-2": 0.2111111111111111,
    "-3": 0.16666666666666666,
    "-4": 0.07777777777777778,
    "-7": 0.011111111111111112,
    "-8": 0.011111111111111112,
    "-9": 0.011111111111111112,
    "0": 0.18888888888888888,
    "1": 0.07777777777777778,
    "3": 0.011111111111111112
  },
  "pmf_support": {
    "count": 12,
    "max": 3,
    "min": -11
  },
  "smoothing": {
    "error_mean": -1.8333333333333333,
    "error_std": 2.286433418619002,
    "gaussian_mix": 0.0,
    "gaussian_support_std": 4.0,
    "laplace_alpha": 0.0,
    "min_tail_prob": null,
    "pure_gaussian": false,
    "use_tail_cutoff": false
  },
  "snapshot_hour_local": 18,
  "updated_at_utc": "2026-01-27T12:02:32.104053+00:00"
}