{
  "city_key": "LVHIGH",
  "forecast_source": "mos_gfs_18z_archive",
  "month": 5,
  "n_samples": 93,
  "pmf_error": {
    "-1": 0.23655913978494625,
    "-10": 0.010752688172043012,
    "-2": 0.11827956989247312,
    "-3": 0.021505376344086023,
    "-4": 0.010752688172043012,
    "0": 0.21505376344086022,
    "1": 0.13978494623655913,
    "2": 0.16129032258064516,
    "3": 0.06451612903225806,
    "4": 0.010752688172043012,
    "7": 0.010752688172043012
  },
  "pmf_support": {
    "count": 11,
    "max": 7,
    "min": -10
  },
  "smoothing": {
    "error_mean": 0.08602150537634409,
    "error_std": 2.051256703597492,
    "gaussian_mix": 0.0,
    "gaussian_support_std": 4.0,
    "laplace_alpha": 0.0,
    "min_tail_prob": null,
    "pure_gaussian": false,
    "use_tail_cutoff": false
  },
  "snapshot_hour_local": 18,
  "updated_at_utc": "2026-01-27T12:02:32.104053+00:00"
}