{
  "city_key": "LVHIGH",
  "forecast_source": "mos_gfs_18z_archive",
  "month": 2,
  "n_samples": 85,
  "pmf_error": {
    "-1": 0.15553477121867146,
    "-2": 0.14191665910781384,
    "-3": 0.11131652849972283,
    "-4": 0.07505961292349875,
    "-5": 0.04350842659316678,
    "-6": 0.021680077325916664,
    "-7": 0.009286855044265465,
    "-8": 0.003419769998768092,
    "0": 0.1465352136371407,
    "1": 0.11867982578323087,
    "2": 0.08262894154479591,
    "3": 0.04945473399563656,
    "4": 0.025445087114814188,
    "5": 0.011254349686546946,
    "6": 0.004279147526010808
  },
  "pmf_support": {
    "count": 15,
    "max": 6,
    "min": -8
  },
  "smoothing": {
    "error_mean": -0.8941176470588236,
    "error_std": 2.5714428516108123,
    "gaussian_mix": 1.0,
    "gaussian_support_std": null,
    "laplace_alpha": 0.0,
    "min_tail_prob": 0.01,
    "pure_gaussian": true,
    "use_tail_cutoff": true
  },
  "snapshot_hour_local": 18,
  "updated_at_utc": "2026-01-27T11:32:33.962998+00:00"
}