{
  "city_key": "LVHIGH",
  "forecast_source": "mos_gfs_18z_archive",
  "month": 7,
  "n_samples": 93,
  "pmf_error": {
    "-1": 0.18628601055748514,
    "-2": 0.14110406783280677,
    "-3": 0.0840486196913895,
    "-4": 0.03936891052964723,
    "-5": 0.014501334389249795,
    "-6": 0.0042004352776277695,
    "0": 0.19339832557786066,
    "1": 0.15789084057578248,
    "2": 0.1013661433950019,
    "3": 0.051175332108523416,
    "4": 0.02031702783176845,
    "5": 0.0063429522328568005
  },
  "pmf_support": {
    "count": 12,
    "max": 5,
    "min": -6
  },
  "smoothing": {
    "error_mean": -0.34408602150537637,
    "error_std": 2.039895757698839,
    "gaussian_mix": 1.0,
    "gaussian_support_std": null,
    "laplace_alpha": 0.0,
    "min_tail_prob": 0.01,
    "pure_gaussian": true,
    "use_tail_cutoff": true
  },
  "snapshot_hour_local": 18,
  "updated_at_utc": "2026-01-27T11:32:33.962998+00:00"
}