{
  "city_key": "MIAHIGH",
  "forecast_source": "mos_gfs_18z_archive",
  "month": 10,
  "n_samples": 93,
  "pmf_error": {
    "-1": 0.1777707583936924,
    "-2": 0.11618777927663185,
    "-3": 0.05797100472092358,
    "-4": 0.022080629687251583,
    "-5": 0.006420403631453526,
    "-6": 0.0014251594591332829,
    "0": 0.20763972731892838,
    "1": 0.1851445042216798,
    "2": 0.12602637685352042,
    "3": 0.06548809045142594,
    "4": 0.025978463073940767,
    "5": 0.007867102911418629
  },
  "pmf_support": {
    "count": 12,
    "max": 5,
    "min": -6
  },
  "smoothing": {
    "error_mean": 0.07526881720430108,
    "error_std": 1.9245809997273442,
    "gaussian_mix": 1.0,
    "gaussian_support_std": null,
    "laplace_alpha": 0.0,
    "min_tail_prob": 0.01,
    "pure_gaussian": true,
    "use_tail_cutoff": true
  },
  "snapshot_hour_local": 12,
  "updated_at_utc": "2026-01-27T11:32:26.683625+00:00"
}