{
  "city_key": "MIAHIGH",
  "forecast_source": "mos_gfs_18z_archive",
  "month": 1,
  "n_samples": 93,
  "pmf_error": {
    "-1": 0.14819704550834087,
    "-2": 0.12286440827928438,
    "-3": 0.08781622421189364,
    "-4": 0.05411099818251991,
    "-5": 0.02874474428797042,
    "-6": 0.013164169707016933,
    "-7": 0.0051974535179016,
    "0": 0.1541044274985189,
    "1": 0.13815060972719026,
    "2": 0.10677082891392353,
    "3": 0.07114011149226993,
    "4": 0.04086378469350614,
    "5": 0.020236003784004253,
    "6": 0.008639190195659053
  },
  "pmf_support": {
    "count": 14,
    "max": 6,
    "min": -7
  },
  "smoothing": {
    "error_mean": -0.23655913978494625,
    "error_std": 2.5961006717990327,
    "gaussian_mix": 1.0,
    "gaussian_support_std": null,
    "laplace_alpha": 0.0,
    "min_tail_prob": 0.01,
    "pure_gaussian": true,
    "use_tail_cutoff": true
  },
  "snapshot_hour_local": 12,
  "updated_at_utc": "2026-01-25T23:49:18.594736+00:00"
}