{
  "city_key": "MIAHIGH",
  "forecast_source": "mos_gfs_18z_archive",
  "month": 11,
  "n_samples": 90,
  "pmf_error": {
    "-1": 0.1796824719328302,
    "-2": 0.07808968040213132,
    "-3": 0.02154145303774008,
    "-4": 0.0037718095938902947,
    "0": 0.2624286215370463,
    "1": 0.24328206982883993,
    "2": 0.1431536488679203,
    "3": 0.05346728845702101,
    "4": 0.012675564649869148,
    "5": 0.0019073916927113872
  },
  "pmf_support": {
    "count": 10,
    "max": 5,
    "min": -4
  },
  "smoothing": {
    "error_mean": 0.3333333333333333,
    "error_std": 1.4832396974191324,
    "gaussian_mix": 1.0,
    "gaussian_support_std": null,
    "laplace_alpha": 0.0,
    "min_tail_prob": 0.01,
    "pure_gaussian": true,
    "use_tail_cutoff": true
  },
  "snapshot_hour_local": 12,
  "updated_at_utc": "2026-01-25T23:49:18.594736+00:00"
}