{
  "city_key": "MIAHIGH",
  "forecast_source": "mos_gfs_18z_archive",
  "month": 5,
  "n_samples": 93,
  "pmf_error": {
    "-1": 0.22600739256357083,
    "-2": 0.131695892510911,
    "-3": 0.05058240829920489,
    "-4": 0.012805733629054784,
    "-5": 0.002136914337040571,
    "0": 0.25565291435446,
    "1": 0.19061476539392436,
    "2": 0.09367851937357673,
    "3": 0.03034598123509265,
    "4": 0.006479478303164163
  },
  "pmf_support": {
    "count": 10,
    "max": 4,
    "min": -5
  },
  "smoothing": {
    "error_mean": -0.20430107526881722,
    "error_std": 1.5489097086976273,
    "gaussian_mix": 1.0,
    "gaussian_support_std": null,
    "laplace_alpha": 0.0,
    "min_tail_prob": 0.01,
    "pure_gaussian": true,
    "use_tail_cutoff": true
  },
  "snapshot_hour_local": 12,
  "updated_at_utc": "2026-01-27T11:32:26.683625+00:00"
}