{
  "city_key": "MIAHIGH",
  "forecast_source": "mos_gfs_18z_archive",
  "month": 3,
  "n_samples": 93,
  "pmf_error": {
    "-1": 0.15053763440860216,
    "-2": 0.1827956989247312,
    "-3": 0.021505376344086023,
    "-4": 0.010752688172043012,
    "0": 0.23655913978494625,
    "1": 0.20430107526881722,
    "2": 0.06451612903225806,
    "3": 0.053763440860215055,
    "4": 0.06451612903225806,
    "6": 0.010752688172043012
  },
  "pmf_support": {
    "count": 10,
    "max": 6,
    "min": -4
  },
  "smoothing": {
    "error_mean": 0.1935483870967742,
    "error_std": 1.8908839857745607,
    "gaussian_mix": 0.0,
    "gaussian_support_std": 4.0,
    "laplace_alpha": 0.0,
    "min_tail_prob": null,
    "pure_gaussian": false,
    "use_tail_cutoff": false
  },
  "snapshot_hour_local": 12,
  "updated_at_utc": "2026-01-27T12:02:38.933682+00:00"
}