{
  "city_key": "MIAHIGH",
  "forecast_source": "mos_gfs_18z_archive",
  "month": 6,
  "n_samples": 90,
  "pmf_error": {
    "-1": 0.2777777777777778,
    "-2": 0.07777777777777778,
    "-3": 0.06666666666666667,
    "-4": 0.03333333333333333,
    "-5": 0.022222222222222223,
    "0": 0.2777777777777778,
    "1": 0.13333333333333333,
    "2": 0.07777777777777778,
    "3": 0.03333333333333333
  },
  "pmf_support": {
    "count": 9,
    "max": 3,
    "min": -5
  },
  "smoothing": {
    "error_mean": -0.4888888888888889,
    "error_std": 1.6682955003665296,
    "gaussian_mix": 0.0,
    "gaussian_support_std": 4.0,
    "laplace_alpha": 0.0,
    "min_tail_prob": null,
    "pure_gaussian": false,
    "use_tail_cutoff": false
  },
  "snapshot_hour_local": 12,
  "updated_at_utc": "2026-01-27T12:02:38.933682+00:00"
}