{
  "city_key": "MIAHIGH",
  "forecast_source": "mos_gfs_18z_archive",
  "month": 7,
  "n_samples": 93,
  "pmf_error": {
    "-1": 0.2135461861587005,
    "-2": 0.12548672372131164,
    "-3": 0.05018772968635888,
    "-4": 0.013661271680103025,
    "-5": 0.0025309205645550363,
    "0": 0.24733163409324832,
    "1": 0.19496709581929586,
    "2": 0.1046012288865579,
    "3": 0.03819495998789117,
    "4": 0.009492249401977779
  },
  "pmf_support": {
    "count": 10,
    "max": 4,
    "min": -5
  },
  "smoothing": {
    "error_mean": -0.11827956989247312,
    "error_std": 1.612114502494318,
    "gaussian_mix": 1.0,
    "gaussian_support_std": null,
    "laplace_alpha": 0.0,
    "min_tail_prob": 0.01,
    "pure_gaussian": true,
    "use_tail_cutoff": true
  },
  "snapshot_hour_local": 12,
  "updated_at_utc": "2026-01-27T11:32:26.683625+00:00"
}