{
  "city_key": "MIAHIGH",
  "forecast_source": "mos_gfs_18z_archive",
  "month": 7,
  "n_samples": 93,
  "pmf_error": {
    "-1": 0.20430107526881722,
    "-2": 0.11827956989247312,
    "-3": 0.021505376344086023,
    "-4": 0.021505376344086023,
    "-5": 0.010752688172043012,
    "0": 0.3225806451612903,
    "1": 0.13978494623655913,
    "2": 0.10752688172043011,
    "3": 0.043010752688172046,
    "4": 0.010752688172043012
  },
  "pmf_support": {
    "count": 10,
    "max": 4,
    "min": -5
  },
  "smoothing": {
    "error_mean": -0.11827956989247312,
    "error_std": 1.612114502494318,
    "gaussian_mix": 0.0,
    "gaussian_support_std": 4.0,
    "laplace_alpha": 0.0,
    "min_tail_prob": null,
    "pure_gaussian": false,
    "use_tail_cutoff": false
  },
  "snapshot_hour_local": 12,
  "updated_at_utc": "2026-01-27T12:02:38.933682+00:00"
}