{
  "city_key": "MIAHIGH",
  "forecast_source": "mos_gfs_18z_archive",
  "month": 11,
  "n_samples": 90,
  "pmf_error": {
    "-1": 0.24444444444444444,
    "-2": 0.022222222222222223,
    "-3": 0.011111111111111112,
    "-4": 0.022222222222222223,
    "0": 0.26666666666666666,
    "1": 0.18888888888888888,
    "2": 0.18888888888888888,
    "3": 0.044444444444444446,
    "4": 0.011111111111111112
  },
  "pmf_support": {
    "count": 9,
    "max": 4,
    "min": -4
  },
  "smoothing": {
    "error_mean": 0.3333333333333333,
    "error_std": 1.4832396974191324,
    "gaussian_mix": 0.0,
    "gaussian_support_std": 4.0,
    "laplace_alpha": 0.0,
    "min_tail_prob": null,
    "pure_gaussian": false,
    "use_tail_cutoff": false
  },
  "snapshot_hour_local": 12,
  "updated_at_utc": "2026-01-27T12:02:38.933682+00:00"
}