{
  "city_key": "MIAHIGH",
  "forecast_source": "mos_gfs_18z_archive",
  "month": 4,
  "n_samples": 90,
  "pmf_error": {
    "-1": 0.2253707538673955,
    "-2": 0.09794572588065975,
    "-3": 0.024422983088638096,
    "-4": 0.0034941151734584623,
    "0": 0.29753284397969665,
    "1": 0.2253707538673955,
    "2": 0.09794572588065975,
    "3": 0.024422983088638096,
    "4": 0.0034941151734584623
  },
  "pmf_support": {
    "count": 9,
    "max": 4,
    "min": -4
  },
  "smoothing": {
    "error_mean": 0.0,
    "error_std": 1.3416407864998738,
    "gaussian_mix": 1.0,
    "gaussian_support_std": null,
    "laplace_alpha": 0.0,
    "min_tail_prob": 0.01,
    "pure_gaussian": true,
    "use_tail_cutoff": true
  },
  "snapshot_hour_local": 12,
  "updated_at_utc": "2026-01-25T23:49:18.594736+00:00"
}