{
  "city_key": "MIAHIGH",
  "forecast_source": "mos_gfs_18z_archive",
  "month": 1,
  "n_samples": 94,
  "pmf_error": {
    "-1": 0.1595744680851064,
    "-16": 0.010638297872340425,
    "-2": 0.06382978723404255,
    "-3": 0.031914893617021274,
    "-4": 0.031914893617021274,
    "-5": 0.031914893617021274,
    "-6": 0.010638297872340425,
    "0": 0.26595744680851063,
    "1": 0.24468085106382978,
    "2": 0.0851063829787234,
    "3": 0.0425531914893617,
    "5": 0.010638297872340425,
    "6": 0.010638297872340425
  },
  "pmf_support": {
    "count": 13,
    "max": 6,
    "min": -16
  },
  "smoothing": {
    "error_mean": -0.24468085106382978,
    "error_std": 2.583442245205836,
    "gaussian_mix": 0.0,
    "gaussian_support_std": 4.0,
    "laplace_alpha": 0.0,
    "min_tail_prob": null,
    "pure_gaussian": false,
    "use_tail_cutoff": false
  },
  "snapshot_hour_local": 12,
  "updated_at_utc": "2026-01-27T12:02:38.933682+00:00"
}