{
  "city_key": "MIAHIGH",
  "forecast_source": "mos_gfs_18z_archive",
  "month": 8,
  "n_samples": 93,
  "pmf_error": {
    "-1": 0.16129032258064516,
    "-2": 0.08602150537634409,
    "-3": 0.021505376344086023,
    "-4": 0.010752688172043012,
    "-6": 0.021505376344086023,
    "0": 0.3548387096774194,
    "1": 0.1827956989247312,
    "2": 0.10752688172043011,
    "3": 0.021505376344086023,
    "4": 0.021505376344086023,
    "5": 0.010752688172043012
  },
  "pmf_support": {
    "count": 11,
    "max": 5,
    "min": -6
  },
  "smoothing": {
    "error_mean": 0.03225806451612903,
    "error_std": 1.7502787053226498,
    "gaussian_mix": 0.0,
    "gaussian_support_std": 4.0,
    "laplace_alpha": 0.0,
    "min_tail_prob": null,
    "pure_gaussian": false,
    "use_tail_cutoff": false
  },
  "snapshot_hour_local": 12,
  "updated_at_utc": "2026-01-27T12:02:38.933682+00:00"
}