{
  "city_key": "MIAHIGH",
  "forecast_source": "mos_gfs_18z_archive",
  "month": 1,
  "n_samples": 94,
  "pmf_error": {
    "-1": 0.1489542172397822,
    "-2": 0.12341503191447734,
    "-3": 0.08802629411299301,
    "-4": 0.054048778039056,
    "-5": 0.028568566112364004,
    "-6": 0.012999304268681093,
    "-7": 0.0050919118615467985,
    "0": 0.15476282541982622,
    "1": 0.1384234274436853,
    "2": 0.10658145616477137,
    "3": 0.07064522342278534,
    "4": 0.040310024201344295,
    "5": 0.01980032949003132,
    "6": 0.008372610308655819
  },
  "pmf_support": {
    "count": 14,
    "max": 6,
    "min": -7
  },
  "smoothing": {
    "error_mean": -0.24468085106382978,
    "error_std": 2.583442245205836,
    "gaussian_mix": 1.0,
    "gaussian_support_std": null,
    "laplace_alpha": 0.0,
    "min_tail_prob": 0.01,
    "pure_gaussian": true,
    "use_tail_cutoff": true
  },
  "snapshot_hour_local": 12,
  "updated_at_utc": "2026-01-27T11:32:26.683625+00:00"
}