{
  "city_key": "MIAHIGH",
  "forecast_source": "mos_gfs_18z_archive",
  "month": 8,
  "n_samples": 93,
  "pmf_error": {
    "-1": 0.1918242291907502,
    "-2": 0.11632751789053,
    "-3": 0.05089746788252296,
    "-4": 0.016067363094628407,
    "-5": 0.0036595505865978234,
    "0": 0.22822287793552712,
    "1": 0.19590684436010794,
    "2": 0.12133183233448817,
    "3": 0.05421689215363679,
    "4": 0.017479507731590387,
    "5": 0.004065916839619988
  },
  "pmf_support": {
    "count": 11,
    "max": 5,
    "min": -5
  },
  "smoothing": {
    "error_mean": 0.03225806451612903,
    "error_std": 1.7502787053226498,
    "gaussian_mix": 1.0,
    "gaussian_support_std": null,
    "laplace_alpha": 0.0,
    "min_tail_prob": 0.01,
    "pure_gaussian": true,
    "use_tail_cutoff": true
  },
  "snapshot_hour_local": 12,
  "updated_at_utc": "2026-01-27T11:32:26.683625+00:00"
}