{
  "city_key": "MIAHIGH",
  "forecast_source": "mos_gfs_18z_archive",
  "month": 2,
  "n_samples": 85,
  "pmf_error": {
    "-1": 0.2823529411764706,
    "-2": 0.1411764705882353,
    "-3": 0.047058823529411764,
    "-5": 0.023529411764705882,
    "-7": 0.011764705882352941,
    "0": 0.23529411764705882,
    "1": 0.16470588235294117,
    "2": 0.03529411764705882,
    "3": 0.058823529411764705
  },
  "pmf_support": {
    "count": 9,
    "max": 3,
    "min": -7
  },
  "smoothing": {
    "error_mean": -0.49411764705882355,
    "error_std": 1.7396654811081265,
    "gaussian_mix": 0.0,
    "gaussian_support_std": 4.0,
    "laplace_alpha": 0.0,
    "min_tail_prob": null,
    "pure_gaussian": false,
    "use_tail_cutoff": false
  },
  "snapshot_hour_local": 12,
  "updated_at_utc": "2026-01-27T12:02:38.933682+00:00"
}