{
  "city_key": "MIAHIGH",
  "forecast_source": "mos_gfs_18z_archive",
  "month": 9,
  "n_samples": 90,
  "pmf_error": {
    "-1": 0.17777777777777778,
    "-2": 0.06666666666666667,
    "-3": 0.07777777777777778,
    "-4": 0.011111111111111112,
    "0": 0.2111111111111111,
    "1": 0.2,
    "2": 0.15555555555555556,
    "3": 0.06666666666666667,
    "4": 0.03333333333333333
  },
  "pmf_support": {
    "count": 9,
    "max": 4,
    "min": -4
  },
  "smoothing": {
    "error_mean": 0.25555555555555554,
    "error_std": 1.7923362228673696,
    "gaussian_mix": 0.0,
    "gaussian_support_std": 4.0,
    "laplace_alpha": 0.0,
    "min_tail_prob": null,
    "pure_gaussian": false,
    "use_tail_cutoff": false
  },
  "snapshot_hour_local": 12,
  "updated_at_utc": "2026-01-27T12:02:38.933682+00:00"
}