{
  "city_key": "MIAHIGH",
  "forecast_source": "mos_gfs_18z_archive",
  "month": 9,
  "n_samples": 90,
  "pmf_error": {
    "-1": 0.17451810218056277,
    "-2": 0.10104306234417694,
    "-3": 0.042853103117169396,
    "-4": 0.013312751002042987,
    "-5": 0.003029445192164543,
    "0": 0.22079245092367075,
    "1": 0.20461511716866385,
    "2": 0.13889959207511796,
    "3": 0.06906753895037052,
    "4": 0.02515687834838482,
    "5": 0.006711958697675507
  },
  "pmf_support": {
    "count": 11,
    "max": 5,
    "min": -5
  },
  "smoothing": {
    "error_mean": 0.25555555555555554,
    "error_std": 1.7923362228673696,
    "gaussian_mix": 1.0,
    "gaussian_support_std": null,
    "laplace_alpha": 0.0,
    "min_tail_prob": 0.01,
    "pure_gaussian": true,
    "use_tail_cutoff": true
  },
  "snapshot_hour_local": 12,
  "updated_at_utc": "2026-01-27T11:32:26.683625+00:00"
}