{
  "city_key": "MIAHIGH",
  "forecast_source": "mos_gfs_18z_archive",
  "month": 12,
  "n_samples": 93,
  "pmf_error": {
    "-1": 0.16129032258064516,
    "-2": 0.12903225806451613,
    "-3": 0.053763440860215055,
    "-4": 0.010752688172043012,
    "-5": 0.021505376344086023,
    "0": 0.25806451612903225,
    "1": 0.25806451612903225,
    "2": 0.08602150537634409,
    "3": 0.021505376344086023
  },
  "pmf_support": {
    "count": 9,
    "max": 3,
    "min": -5
  },
  "smoothing": {
    "error_mean": -0.23655913978494625,
    "error_std": 1.6157680650547817,
    "gaussian_mix": 0.0,
    "gaussian_support_std": 4.0,
    "laplace_alpha": 0.0,
    "min_tail_prob": null,
    "pure_gaussian": false,
    "use_tail_cutoff": false
  },
  "snapshot_hour_local": 12,
  "updated_at_utc": "2026-01-27T12:02:38.933682+00:00"
}