{
  "city_key": "MIAHIGH",
  "forecast_source": "mos_gfs_18z_archive",
  "month": 10,
  "n_samples": 93,
  "pmf_error": {
    "-1": 0.12903225806451613,
    "-2": 0.08602150537634409,
    "-3": 0.053763440860215055,
    "-4": 0.010752688172043012,
    "-5": 0.021505376344086023,
    "-7": 0.010752688172043012,
    "0": 0.23655913978494625,
    "1": 0.1935483870967742,
    "2": 0.21505376344086022,
    "3": 0.03225806451612903,
    "4": 0.010752688172043012
  },
  "pmf_support": {
    "count": 11,
    "max": 4,
    "min": -7
  },
  "smoothing": {
    "error_mean": 0.07526881720430108,
    "error_std": 1.9245809997273442,
    "gaussian_mix": 0.0,
    "gaussian_support_std": 4.0,
    "laplace_alpha": 0.0,
    "min_tail_prob": null,
    "pure_gaussian": false,
    "use_tail_cutoff": false
  },
  "snapshot_hour_local": 12,
  "updated_at_utc": "2026-01-27T12:02:38.933682+00:00"
}