{
  "city_key": "NHIGH",
  "forecast_source": "mos_gfs_18z_archive",
  "month": 9,
  "n_samples": 90,
  "pmf_error": {
    "-1": 0.1,
    "-2": 0.03333333333333333,
    "-3": 0.022222222222222223,
    "-4": 0.011111111111111112,
    "-6": 0.011111111111111112,
    "0": 0.15555555555555556,
    "1": 0.25555555555555554,
    "2": 0.16666666666666666,
    "3": 0.12222222222222222,
    "4": 0.06666666666666667,
    "5": 0.011111111111111112,
    "6": 0.022222222222222223,
    "8": 0.022222222222222223
  },
  "pmf_support": {
    "count": 13,
    "max": 8,
    "min": -6
  },
  "smoothing": {
    "error_mean": 1.2444444444444445,
    "error_std": 2.247522641641538,
    "gaussian_mix": 0.0,
    "gaussian_support_std": 4.0,
    "laplace_alpha": 0.0,
    "min_tail_prob": null,
    "pure_gaussian": false,
    "use_tail_cutoff": false
  },
  "snapshot_hour_local": 12,
  "updated_at_utc": "2026-01-27T12:02:38.933682+00:00"
}