{
  "city_key": "NHIGH",
  "forecast_source": "mos_gfs_18z_archive",
  "month": 11,
  "n_samples": 90,
  "pmf_error": {
    "-1": 0.11125442760186986,
    "-2": 0.0712201835511148,
    "-3": 0.038542696751100246,
    "-4": 0.017633329867175158,
    "-5": 0.006819928009468076,
    "-6": 0.0022298644981158175,
    "0": 0.14692129347133248,
    "1": 0.1640232478244079,
    "2": 0.1548029724510175,
    "3": 0.12351121911370673,
    "4": 0.08330800717934848,
    "5": 0.047502920122426164,
    "6": 0.02289850314874978,
    "7": 0.009331406410166831
  },
  "pmf_support": {
    "count": 14,
    "max": 7,
    "min": -6
  },
  "smoothing": {
    "error_mean": 1.1555555555555554,
    "error_std": 2.4399959522330317,
    "gaussian_mix": 1.0,
    "gaussian_support_std": null,
    "laplace_alpha": 0.0,
    "min_tail_prob": 0.01,
    "pure_gaussian": true,
    "use_tail_cutoff": true
  },
  "snapshot_hour_local": 12,
  "updated_at_utc": "2026-01-25T23:49:18.594736+00:00"
}