{
  "city_key": "NHIGH",
  "forecast_source": "mos_gfs_18z_archive",
  "month": 6,
  "n_samples": 90,
  "pmf_error": {
    "-1": 0.13326180484409683,
    "-2": 0.1167495104101913,
    "-3": 0.0911181454377596,
    "-4": 0.06335123741490054,
    "-5": 0.039237900290605615,
    "-6": 0.02164994726877079,
    "-7": 0.01064163486121116,
    "-8": 0.004659725034021675,
    "0": 0.13550544300329853,
    "1": 0.12274624534930204,
    "2": 0.09905128618291595,
    "3": 0.07120532099930539,
    "4": 0.0456000380048898,
    "5": 0.0260146739587155,
    "6": 0.013221234144484345,
    "7": 0.005985852795531039
  },
  "pmf_support": {
    "count": 16,
    "max": 7,
    "min": -8
  },
  "smoothing": {
    "error_mean": -0.35555555555555557,
    "error_std": 2.9413190960335056,
    "gaussian_mix": 1.0,
    "gaussian_support_std": null,
    "laplace_alpha": 0.0,
    "min_tail_prob": 0.01,
    "pure_gaussian": true,
    "use_tail_cutoff": true
  },
  "snapshot_hour_local": 12,
  "updated_at_utc": "2026-01-27T11:32:26.683625+00:00"
}