{
  "city_key": "NHIGH",
  "forecast_source": "mos_gfs_18z_archive",
  "month": 5,
  "n_samples": 93,
  "pmf_error": {
    "-1": 0.11826533558814507,
    "-2": 0.08956036803624261,
    "-3": 0.05980425536411267,
    "-4": 0.03521325092785486,
    "-5": 0.018282600619860253,
    "-6": 0.008370042046053055,
    "-7": 0.0033788983250282595,
    "0": 0.1377072748487548,
    "1": 0.1413885094062622,
    "2": 0.12800565744372347,
    "3": 0.10218850125797771,
    "4": 0.07193375167434378,
    "5": 0.04464997392379431,
    "6": 0.02443810488498396,
    "7": 0.011794286026944389,
    "8": 0.00501918962591879
  },
  "pmf_support": {
    "count": 16,
    "max": 8,
    "min": -7
  },
  "smoothing": {
    "error_mean": 0.7096774193548387,
    "error_std": 2.819214582766566,
    "gaussian_mix": 1.0,
    "gaussian_support_std": null,
    "laplace_alpha": 0.0,
    "min_tail_prob": 0.01,
    "pure_gaussian": true,
    "use_tail_cutoff": true
  },
  "snapshot_hour_local": 12,
  "updated_at_utc": "2026-01-27T11:32:26.683625+00:00"
}