{
  "city_key": "NHIGH",
  "forecast_source": "mos_gfs_18z_archive",
  "month": 3,
  "n_samples": 93,
  "pmf_error": {
    "-1": 0.09314321105115554,
    "-10": 0.00434482732693592,
    "-2": 0.08383376602916992,
    "-3": 0.07114471079753926,
    "-4": 0.05692750264161119,
    "-5": 0.0429494411910689,
    "-6": 0.030552642258785685,
    "-7": 0.020492545306471346,
    "-8": 0.012959818061349434,
    "-9": 0.007727833868296935,
    "0": 0.09757516789835044,
    "1": 0.096379191845182,
    "10": 0.00611354715143718,
    "2": 0.0897600581336975,
    "3": 0.07882043761275748,
    "4": 0.06526050498649817,
    "5": 0.05094691486555324,
    "6": 0.03750085951449536,
    "7": 0.026026779054101397,
    "8": 0.017031602026809475,
    "9": 0.010508638378733531
  },
  "pmf_support": {
    "count": 21,
    "max": 10,
    "min": -10
  },
  "smoothing": {
    "error_mean": 0.2903225806451613,
    "error_std": 4.1233159355722275,
    "gaussian_mix": 1.0,
    "gaussian_support_std": null,
    "laplace_alpha": 0.0,
    "min_tail_prob": 0.01,
    "pure_gaussian": true,
    "use_tail_cutoff": true
  },
  "snapshot_hour_local": 12,
  "updated_at_utc": "2026-01-27T11:32:26.683625+00:00"
}