{
  "city_key": "NHIGH",
  "forecast_source": "mos_gfs_18z_archive",
  "month": 1,
  "n_samples": 94,
  "pmf_error": {
    "-1": 0.1595744680851064,
    "-2": 0.09574468085106383,
    "-3": 0.07446808510638298,
    "-4": 0.031914893617021274,
    "-7": 0.010638297872340425,
    "0": 0.11702127659574468,
    "1": 0.1702127659574468,
    "2": 0.1276595744680851,
    "3": 0.0425531914893617,
    "4": 0.031914893617021274,
    "5": 0.0425531914893617,
    "6": 0.02127659574468085,
    "7": 0.0425531914893617,
    "8": 0.02127659574468085,
    "9": 0.010638297872340425
  },
  "pmf_support": {
    "count": 15,
    "max": 9,
    "min": -7
  },
  "smoothing": {
    "error_mean": 0.8085106382978723,
    "error_std": 3.0502061170140298,
    "gaussian_mix": 0.0,
    "gaussian_support_std": 4.0,
    "laplace_alpha": 0.0,
    "min_tail_prob": null,
    "pure_gaussian": false,
    "use_tail_cutoff": false
  },
  "snapshot_hour_local": 12,
  "updated_at_utc": "2026-01-27T12:02:38.933682+00:00"
}