{
  "city_key": "NHIGH",
  "forecast_source": "mos_gfs_18z_archive",
  "month": 7,
  "n_samples": 93,
  "pmf_error": {
    "-1": 0.16129032258064516,
    "-2": 0.12903225806451613,
    "-3": 0.08602150537634409,
    "-4": 0.043010752688172046,
    "-5": 0.010752688172043012,
    "0": 0.12903225806451613,
    "1": 0.08602150537634409,
    "11": 0.010752688172043012,
    "2": 0.11827956989247312,
    "3": 0.16129032258064516,
    "4": 0.03225806451612903,
    "5": 0.010752688172043012,
    "6": 0.010752688172043012,
    "8": 0.010752688172043012
  },
  "pmf_support": {
    "count": 14,
    "max": 11,
    "min": -5
  },
  "smoothing": {
    "error_mean": 0.3548387096774194,
    "error_std": 2.7303359960643645,
    "gaussian_mix": 0.0,
    "gaussian_support_std": 4.0,
    "laplace_alpha": 0.0,
    "min_tail_prob": null,
    "pure_gaussian": false,
    "use_tail_cutoff": false
  },
  "snapshot_hour_local": 12,
  "updated_at_utc": "2026-01-27T12:02:38.933682+00:00"
}