{
  "city_key": "NHIGH",
  "forecast_source": "mos_gfs_18z_archive",
  "month": 8,
  "n_samples": 93,
  "pmf_error": {
    "-1": 0.12177991791494737,
    "-2": 0.0712443365583491,
    "-3": 0.03357274203583022,
    "-4": 0.012743393025972157,
    "-5": 0.003896234961933624,
    "0": 0.16767287254488747,
    "1": 0.18595665677944373,
    "2": 0.16612020250615786,
    "3": 0.11953496848332154,
    "4": 0.06928341533988311,
    "5": 0.03234635899533012,
    "6": 0.012164193320834555,
    "7": 0.0036847075331092934
  },
  "pmf_support": {
    "count": 13,
    "max": 7,
    "min": -5
  },
  "smoothing": {
    "error_mean": 0.978494623655914,
    "error_std": 2.150161257386709,
    "gaussian_mix": 1.0,
    "gaussian_support_std": null,
    "laplace_alpha": 0.0,
    "min_tail_prob": 0.01,
    "pure_gaussian": true,
    "use_tail_cutoff": true
  },
  "snapshot_hour_local": 12,
  "updated_at_utc": "2026-01-27T11:32:26.683625+00:00"
}