{
  "city_key": "NHIGH",
  "forecast_source": "mos_gfs_18z_archive",
  "month": 2,
  "n_samples": 85,
  "pmf_error": {
    "-1": 0.15294117647058825,
    "-2": 0.07058823529411765,
    "-3": 0.058823529411764705,
    "-4": 0.058823529411764705,
    "-5": 0.011764705882352941,
    "-6": 0.011764705882352941,
    "-7": 0.011764705882352941,
    "-8": 0.011764705882352941,
    "-9": 0.011764705882352941,
    "0": 0.2,
    "1": 0.08235294117647059,
    "10": 0.011764705882352941,
    "11": 0.011764705882352941,
    "2": 0.11764705882352941,
    "3": 0.058823529411764705,
    "4": 0.058823529411764705,
    "5": 0.047058823529411764,
    "6": 0.011764705882352941
  },
  "pmf_support": {
    "count": 18,
    "max": 11,
    "min": -9
  },
  "smoothing": {
    "error_mean": 0.16470588235294117,
    "error_std": 3.3320089641272306,
    "gaussian_mix": 0.0,
    "gaussian_support_std": 4.0,
    "laplace_alpha": 0.0,
    "min_tail_prob": null,
    "pure_gaussian": false,
    "use_tail_cutoff": false
  },
  "snapshot_hour_local": 12,
  "updated_at_utc": "2026-01-27T12:02:38.933682+00:00"
}