{
  "city_key": "NHIGH",
  "forecast_source": "mos_gfs_18z_archive",
  "month": 10,
  "n_samples": 93,
  "pmf_error": {
    "-1": 0.13610174256965663,
    "-2": 0.0880996438501558,
    "-3": 0.04660902556933181,
    "-4": 0.02015353796623463,
    "-5": 0.00712226249639272,
    "-6": 0.0020571694092398015,
    "0": 0.17184568133238184,
    "1": 0.17733683885274032,
    "2": 0.14957007332554992,
    "3": 0.10310408066685235,
    "4": 0.05808880007703459,
    "5": 0.026748187596684365,
    "6": 0.010066574664085828,
    "7": 0.003096381623659602
  },
  "pmf_support": {
    "count": 14,
    "max": 7,
    "min": -6
  },
  "smoothing": {
    "error_mean": 0.6559139784946236,
    "error_std": 2.226403743036941,
    "gaussian_mix": 1.0,
    "gaussian_support_std": null,
    "laplace_alpha": 0.0,
    "min_tail_prob": 0.01,
    "pure_gaussian": true,
    "use_tail_cutoff": true
  },
  "snapshot_hour_local": 12,
  "updated_at_utc": "2026-01-27T11:32:26.683625+00:00"
}