{
  "city_key": "NHIGH",
  "forecast_source": "mos_gfs_18z_archive",
  "month": 7,
  "n_samples": 93,
  "pmf_error": {
    "-1": 0.12998930713275628,
    "-2": 0.1013559605024015,
    "-3": 0.06910881098848305,
    "-4": 0.04120595758642833,
    "-5": 0.02148468863223269,
    "-6": 0.0097958151127056,
    "-7": 0.0039056611151623848,
    "0": 0.14578351820824043,
    "1": 0.14297222884751265,
    "2": 0.12261325197619925,
    "3": 0.09195293528832732,
    "4": 0.06030262895251952,
    "5": 0.0345819403720382,
    "6": 0.0173422296084695,
    "7": 0.007605065676523199
  },
  "pmf_support": {
    "count": 15,
    "max": 7,
    "min": -7
  },
  "smoothing": {
    "error_mean": 0.3548387096774194,
    "error_std": 2.7303359960643645,
    "gaussian_mix": 1.0,
    "gaussian_support_std": null,
    "laplace_alpha": 0.0,
    "min_tail_prob": 0.01,
    "pure_gaussian": true,
    "use_tail_cutoff": true
  },
  "snapshot_hour_local": 12,
  "updated_at_utc": "2026-01-27T11:32:26.683625+00:00"
}