{
  "city_key": "NHIGH",
  "forecast_source": "mos_gfs_18z_archive",
  "month": 10,
  "n_samples": 93,
  "pmf_error": {
    "-1": 0.22580645161290322,
    "-2": 0.043010752688172046,
    "-3": 0.03225806451612903,
    "-4": 0.043010752688172046,
    "0": 0.15053763440860216,
    "1": 0.12903225806451613,
    "2": 0.20430107526881722,
    "3": 0.07526881720430108,
    "4": 0.043010752688172046,
    "5": 0.021505376344086023,
    "6": 0.03225806451612903
  },
  "pmf_support": {
    "count": 11,
    "max": 6,
    "min": -4
  },
  "smoothing": {
    "error_mean": 0.6559139784946236,
    "error_std": 2.226403743036941,
    "gaussian_mix": 0.0,
    "gaussian_support_std": 4.0,
    "laplace_alpha": 0.0,
    "min_tail_prob": null,
    "pure_gaussian": false,
    "use_tail_cutoff": false
  },
  "snapshot_hour_local": 12,
  "updated_at_utc": "2026-01-27T12:02:38.933682+00:00"
}