{
  "city_key": "NHIGH",
  "forecast_source": "mos_gfs_18z_archive",
  "month": 8,
  "n_samples": 93,
  "pmf_error": {
    "-1": 0.07526881720430108,
    "-2": 0.06451612903225806,
    "-3": 0.043010752688172046,
    "-4": 0.010752688172043012,
    "-5": 0.010752688172043012,
    "0": 0.1935483870967742,
    "1": 0.1935483870967742,
    "2": 0.1827956989247312,
    "3": 0.13978494623655913,
    "4": 0.043010752688172046,
    "6": 0.043010752688172046
  },
  "pmf_support": {
    "count": 11,
    "max": 6,
    "min": -5
  },
  "smoothing": {
    "error_mean": 0.978494623655914,
    "error_std": 2.150161257386709,
    "gaussian_mix": 0.0,
    "gaussian_support_std": 4.0,
    "laplace_alpha": 0.0,
    "min_tail_prob": null,
    "pure_gaussian": false,
    "use_tail_cutoff": false
  },
  "snapshot_hour_local": 12,
  "updated_at_utc": "2026-01-27T12:02:38.933682+00:00"
}