{
  "city_key": "NHIGH",
  "forecast_source": "mos_gfs_18z_archive",
  "month": 4,
  "n_samples": 90,
  "pmf_error": {
    "-1": 0.12222222222222222,
    "-2": 0.05555555555555555,
    "-3": 0.03333333333333333,
    "-4": 0.03333333333333333,
    "-5": 0.022222222222222223,
    "-7": 0.011111111111111112,
    "0": 0.07777777777777778,
    "1": 0.13333333333333333,
    "2": 0.1,
    "3": 0.06666666666666667,
    "4": 0.06666666666666667,
    "5": 0.08888888888888889,
    "6": 0.07777777777777778,
    "7": 0.07777777777777778,
    "8": 0.022222222222222223,
    "9": 0.011111111111111112
  },
  "pmf_support": {
    "count": 16,
    "max": 9,
    "min": -7
  },
  "smoothing": {
    "error_mean": 1.8777777777777778,
    "error_std": 3.4795522629524163,
    "gaussian_mix": 0.0,
    "gaussian_support_std": 4.0,
    "laplace_alpha": 0.0,
    "min_tail_prob": null,
    "pure_gaussian": false,
    "use_tail_cutoff": false
  },
  "snapshot_hour_local": 12,
  "updated_at_utc": "2026-01-27T12:02:38.933682+00:00"
}