{
  "city_key": "NHIGH",
  "forecast_source": "mos_gfs_18z_archive",
  "month": 1,
  "n_samples": 94,
  "pmf_error": {
    "-1": 0.11067918979143436,
    "-2": 0.08635866367295933,
    "-3": 0.06051546619901616,
    "-4": 0.03808442309286127,
    "-5": 0.021525284836222874,
    "-6": 0.010926245659375841,
    "-7": 0.004980965599185423,
    "0": 0.12739329102173613,
    "1": 0.13168844542069424,
    "2": 0.12225575513509435,
    "3": 0.10193221979882913,
    "4": 0.07632629463632584,
    "5": 0.05132836195585613,
    "6": 0.03099996175739412,
    "7": 0.01681455736564388,
    "8": 0.00819087405737071
  },
  "pmf_support": {
    "count": 16,
    "max": 8,
    "min": -7
  },
  "smoothing": {
    "error_mean": 0.8085106382978723,
    "error_std": 3.0502061170140298,
    "gaussian_mix": 1.0,
    "gaussian_support_std": null,
    "laplace_alpha": 0.0,
    "min_tail_prob": 0.01,
    "pure_gaussian": true,
    "use_tail_cutoff": true
  },
  "snapshot_hour_local": 12,
  "updated_at_utc": "2026-01-27T11:32:26.683625+00:00"
}