{
  "city_key": "NHIGH",
  "forecast_source": "mos_gfs_18z_archive",
  "month": 9,
  "n_samples": 90,
  "pmf_error": {
    "-1": 0.10874474334043832,
    "-2": 0.06326121571359367,
    "-3": 0.030185066302942612,
    "-4": 0.011813322875703412,
    "-5": 0.003792078799035587,
    "0": 0.15332195593432296,
    "1": 0.17730695386726272,
    "2": 0.16817929432778236,
    "3": 0.13084123130007294,
    "4": 0.08349146056186117,
    "5": 0.04369832938133425,
    "6": 0.01875914104411641,
    "7": 0.006605206551533549
  },
  "pmf_support": {
    "count": 13,
    "max": 7,
    "min": -5
  },
  "smoothing": {
    "error_mean": 1.2333333333333334,
    "error_std": 2.246231411844193,
    "gaussian_mix": 1.0,
    "gaussian_support_std": null,
    "laplace_alpha": 0.0,
    "min_tail_prob": 0.01,
    "pure_gaussian": true,
    "use_tail_cutoff": true
  },
  "snapshot_hour_local": 12,
  "updated_at_utc": "2026-01-25T23:49:18.594736+00:00"
}