{
  "city_key": "NHIGH",
  "forecast_source": "mos_gfs_18z_archive",
  "month": 4,
  "n_samples": 90,
  "pmf_error": {
    "-1": 0.08225500450430293,
    "-2": 0.062229986967490866,
    "-3": 0.043347751692663354,
    "-4": 0.02780116089963394,
    "-5": 0.016416810036962173,
    "-6": 0.00892573732576289,
    "-7": 0.0044681620777035115,
    "0": 0.10010469305013807,
    "1": 0.1121698227181554,
    "10": 0.007594467390345791,
    "2": 0.11572498043531214,
    "3": 0.10992783783797479,
    "4": 0.09614301631838151,
    "5": 0.07742073462067355,
    "6": 0.05740190689160389,
    "7": 0.03918545007036345,
    "8": 0.024629344081298393,
    "9": 0.014253133081233533
  },
  "pmf_support": {
    "count": 18,
    "max": 10,
    "min": -7
  },
  "smoothing": {
    "error_mean": 1.8777777777777778,
    "error_std": 3.4795522629524163,
    "gaussian_mix": 1.0,
    "gaussian_support_std": null,
    "laplace_alpha": 0.0,
    "min_tail_prob": 0.01,
    "pure_gaussian": true,
    "use_tail_cutoff": true
  },
  "snapshot_hour_local": 12,
  "updated_at_utc": "2026-01-27T11:32:26.683625+00:00"
}