{
  "city_key": "NHIGH",
  "forecast_source": "mos_gfs_18z_archive",
  "month": 12,
  "n_samples": 93,
  "pmf_error": {
    "-1": 0.11810774258565451,
    "-2": 0.091311279340463,
    "-3": 0.0626144635589201,
    "-4": 0.03808281811192565,
    "-5": 0.02054412602954277,
    "-6": 0.009829930346486524,
    "-7": 0.004171741484793968,
    "0": 0.1354991241023397,
    "1": 0.137879209437285,
    "2": 0.12444150623876629,
    "3": 0.09961756262226325,
    "4": 0.0707311536432251,
    "5": 0.04454405496320119,
    "6": 0.024881292407023716,
    "7": 0.012327082386979651,
    "8": 0.00541691274112942
  },
  "pmf_support": {
    "count": 16,
    "max": 8,
    "min": -7
  },
  "smoothing": {
    "error_mean": 0.6451612903225806,
    "error_std": 2.8872919979649296,
    "gaussian_mix": 1.0,
    "gaussian_support_std": null,
    "laplace_alpha": 0.0,
    "min_tail_prob": 0.01,
    "pure_gaussian": true,
    "use_tail_cutoff": true
  },
  "snapshot_hour_local": 12,
  "updated_at_utc": "2026-01-25T23:49:18.594736+00:00"
}