{
  "city_key": "NHIGH",
  "forecast_source": "mos_gfs_18z_archive",
  "month": 3,
  "n_samples": 93,
  "pmf_error": {
    "-1": 0.11827956989247312,
    "-12": 0.021505376344086023,
    "-2": 0.07526881720430108,
    "-3": 0.10752688172043011,
    "-4": 0.043010752688172046,
    "-5": 0.03225806451612903,
    "-6": 0.010752688172043012,
    "-8": 0.010752688172043012,
    "-9": 0.010752688172043012,
    "0": 0.10752688172043011,
    "1": 0.0967741935483871,
    "11": 0.010752688172043012,
    "2": 0.08602150537634409,
    "3": 0.07526881720430108,
    "4": 0.043010752688172046,
    "5": 0.06451612903225806,
    "6": 0.021505376344086023,
    "7": 0.043010752688172046,
    "8": 0.010752688172043012,
    "9": 0.010752688172043012
  },
  "pmf_support": {
    "count": 20,
    "max": 11,
    "min": -12
  },
  "smoothing": {
    "error_mean": 0.2903225806451613,
    "error_std": 4.1233159355722275,
    "gaussian_mix": 0.0,
    "gaussian_support_std": 4.0,
    "laplace_alpha": 0.0,
    "min_tail_prob": null,
    "pure_gaussian": false,
    "use_tail_cutoff": false
  },
  "snapshot_hour_local": 12,
  "updated_at_utc": "2026-01-27T12:02:38.933682+00:00"
}