{
  "city_key": "NHIGH",
  "forecast_source": "mos_gfs_18z_archive",
  "month": 12,
  "n_samples": 93,
  "pmf_error": {
    "-1": 0.12903225806451613,
    "-2": 0.0967741935483871,
    "-3": 0.053763440860215055,
    "-4": 0.021505376344086023,
    "-5": 0.021505376344086023,
    "-6": 0.010752688172043012,
    "-7": 0.010752688172043012,
    "0": 0.15053763440860216,
    "1": 0.17204301075268819,
    "2": 0.06451612903225806,
    "3": 0.0967741935483871,
    "4": 0.06451612903225806,
    "5": 0.07526881720430108,
    "7": 0.021505376344086023,
    "8": 0.010752688172043012
  },
  "pmf_support": {
    "count": 15,
    "max": 8,
    "min": -7
  },
  "smoothing": {
    "error_mean": 0.6451612903225806,
    "error_std": 2.8872919979649296,
    "gaussian_mix": 0.0,
    "gaussian_support_std": 4.0,
    "laplace_alpha": 0.0,
    "min_tail_prob": null,
    "pure_gaussian": false,
    "use_tail_cutoff": false
  },
  "snapshot_hour_local": 12,
  "updated_at_utc": "2026-01-27T12:02:38.933682+00:00"
}