{
  "city_key": "NHIGH",
  "forecast_source": "mos_gfs_18z_archive",
  "month": 1,
  "n_samples": 93,
  "pmf_error": {
    "-1": 0.11195851231972097,
    "-2": 0.08757061860835282,
    "-3": 0.06144968661313943,
    "-4": 0.038684846975751384,
    "-5": 0.021848521346212284,
    "-6": 0.01107039643822233,
    "-7": 0.00503227368830897,
    "0": 0.12841500605186837,
    "1": 0.13214002671534364,
    "2": 0.12198683405314854,
    "3": 0.10103026360371183,
    "4": 0.07506715700658718,
    "5": 0.050038975182447924,
    "6": 0.029924493000414727,
    "7": 0.016054809311139055,
    "8": 0.007727579085630557
  },
  "pmf_support": {
    "count": 16,
    "max": 8,
    "min": -7
  },
  "smoothing": {
    "error_mean": 0.7634408602150538,
    "error_std": 3.035268847678123,
    "gaussian_mix": 1.0,
    "gaussian_support_std": null,
    "laplace_alpha": 0.0,
    "min_tail_prob": 0.01,
    "pure_gaussian": true,
    "use_tail_cutoff": true
  },
  "snapshot_hour_local": 12,
  "updated_at_utc": "2026-01-25T23:49:18.594736+00:00"
}