{
  "city_key": "NHIGH",
  "forecast_source": "mos_gfs_18z_archive",
  "month": 6,
  "n_samples": 90,
  "pmf_error": {
    "-1": 0.1322846557195394,
    "-2": 0.1163164377091856,
    "-3": 0.09130132639514738,
    "-4": 0.06397605446534514,
    "-5": 0.04001862758692507,
    "-6": 0.022346592049478496,
    "-7": 0.011139476532392148,
    "-8": 0.004957042439660004,
    "0": 0.13430192009726505,
    "1": 0.12171927145421445,
    "2": 0.09847836709850392,
    "3": 0.07112572486492753,
    "4": 0.04585819368047787,
    "5": 0.026394385474891133,
    "6": 0.013561587735757075,
    "7": 0.006220336696289838
  },
  "pmf_support": {
    "count": 16,
    "max": 7,
    "min": -8
  },
  "smoothing": {
    "error_mean": -0.36666666666666664,
    "error_std": 2.968164415931166,
    "gaussian_mix": 1.0,
    "gaussian_support_std": null,
    "laplace_alpha": 0.0,
    "min_tail_prob": 0.01,
    "pure_gaussian": true,
    "use_tail_cutoff": true
  },
  "snapshot_hour_local": 12,
  "updated_at_utc": "2026-01-25T23:49:18.594736+00:00"
}