{
  "city_key": "NHIGH",
  "forecast_source": "mos_gfs_18z_archive",
  "month": 7,
  "n_samples": 93,
  "pmf_error": {
    "-1": 0.12973195791923628,
    "-2": 0.10157690615426877,
    "-3": 0.06965066882965255,
    "-4": 0.041825188151776785,
    "-5": 0.021995448271474854,
    "-6": 0.0101300137161562,
    "-7": 0.004085728944697283,
    "0": 0.14510462864468365,
    "1": 0.14213396177792953,
    "2": 0.12192612147048337,
    "3": 0.09159630576334551,
    "4": 0.06026171113923396,
    "5": 0.034720603271897944,
    "6": 0.017519244247374853,
    "7": 0.0077415116977883796
  },
  "pmf_support": {
    "count": 15,
    "max": 7,
    "min": -7
  },
  "smoothing": {
    "error_mean": 0.34408602150537637,
    "error_std": 2.74545420437115,
    "gaussian_mix": 1.0,
    "gaussian_support_std": null,
    "laplace_alpha": 0.0,
    "min_tail_prob": 0.01,
    "pure_gaussian": true,
    "use_tail_cutoff": true
  },
  "snapshot_hour_local": 12,
  "updated_at_utc": "2026-01-25T23:49:18.594736+00:00"
}