{
  "city_key": "NHIGH",
  "forecast_source": "mos_gfs_18z_archive",
  "month": 5,
  "n_samples": 93,
  "pmf_error": {
    "-1": 0.11827956989247312,
    "-2": 0.08602150537634409,
    "-3": 0.043010752688172046,
    "-4": 0.07526881720430108,
    "-5": 0.021505376344086023,
    "0": 0.10752688172043011,
    "1": 0.13978494623655913,
    "2": 0.11827956989247312,
    "3": 0.15053763440860216,
    "4": 0.07526881720430108,
    "5": 0.010752688172043012,
    "6": 0.043010752688172046,
    "9": 0.010752688172043012
  },
  "pmf_support": {
    "count": 13,
    "max": 9,
    "min": -5
  },
  "smoothing": {
    "error_mean": 0.7096774193548387,
    "error_std": 2.819214582766566,
    "gaussian_mix": 0.0,
    "gaussian_support_std": 4.0,
    "laplace_alpha": 0.0,
    "min_tail_prob": null,
    "pure_gaussian": false,
    "use_tail_cutoff": false
  },
  "snapshot_hour_local": 12,
  "updated_at_utc": "2026-01-27T12:02:38.933682+00:00"
}