{
  "city_key": "NHIGH",
  "forecast_source": "mos_gfs_18z_archive",
  "month": 9,
  "n_samples": 90,
  "pmf_error": {
    "-1": 0.10821387752695133,
    "-2": 0.06285317023281252,
    "-3": 0.029949917443991857,
    "-4": 0.01170815017595258,
    "-5": 0.003754958590454271,
    "0": 0.15284912013437693,
    "1": 0.17711981100281252,
    "2": 0.16838195596861574,
    "3": 0.13132523088074433,
    "4": 0.08402819001551788,
    "5": 0.04410888276274014,
    "6": 0.018995525797797987,
    "7": 0.006711209467231855
  },
  "pmf_support": {
    "count": 13,
    "max": 7,
    "min": -5
  },
  "smoothing": {
    "error_mean": 1.2444444444444445,
    "error_std": 2.247522641641538,
    "gaussian_mix": 1.0,
    "gaussian_support_std": null,
    "laplace_alpha": 0.0,
    "min_tail_prob": 0.01,
    "pure_gaussian": true,
    "use_tail_cutoff": true
  },
  "snapshot_hour_local": 12,
  "updated_at_utc": "2026-01-27T11:32:26.683625+00:00"
}