{
  "city_key": "NHIGH",
  "forecast_source": "mos_gfs_18z_archive",
  "month": 2,
  "n_samples": 85,
  "pmf_error": {
    "-1": 0.11352208485127901,
    "-2": 0.09771496739216588,
    "-3": 0.07686422339309289,
    "-4": 0.055254775012656486,
    "-5": 0.036299262820423915,
    "-6": 0.02179255821783416,
    "-7": 0.01195641672926815,
    "-8": 0.005994821985251112,
    "-9": 0.002746843764939431,
    "0": 0.12052636106159817,
    "1": 0.11694082402003475,
    "2": 0.10368899714961036,
    "3": 0.08401979501162037,
    "4": 0.06221756071333724,
    "5": 0.042104330111195215,
    "6": 0.026038919737202754,
    "7": 0.014716399975229407,
    "8": 0.007600858053260568
  },
  "pmf_support": {
    "count": 18,
    "max": 8,
    "min": -9
  },
  "smoothing": {
    "error_mean": 0.16470588235294117,
    "error_std": 3.3320089641272306,
    "gaussian_mix": 1.0,
    "gaussian_support_std": null,
    "laplace_alpha": 0.0,
    "min_tail_prob": 0.01,
    "pure_gaussian": true,
    "use_tail_cutoff": true
  },
  "snapshot_hour_local": 12,
  "updated_at_utc": "2026-01-27T11:32:26.683625+00:00"
}