{
  "city_key": "NOLHIGH",
  "forecast_source": "mos_gfs_18z_archive",
  "month": 12,
  "n_samples": 93,
  "pmf_error": {
    "-1": 0.12575438082482832,
    "-2": 0.1052009936389888,
    "-3": 0.0787008008718466,
    "-4": 0.05265032462923325,
    "-5": 0.0314981862141282,
    "-6": 0.016851269742015174,
    "-7": 0.008061990949274716,
    "-8": 0.003449169788695871,
    "0": 0.13442777056641186,
    "1": 0.12850424086186832,
    "2": 0.10985213857919489,
    "3": 0.08397734949526493,
    "4": 0.057408791120087385,
    "5": 0.03509596852272142,
    "6": 0.01918662791310878,
    "7": 0.009379996282331389
  },
  "pmf_support": {
    "count": 16,
    "max": 7,
    "min": -8
  },
  "smoothing": {
    "error_mean": 0.0967741935483871,
    "error_std": 2.9912579298306734,
    "gaussian_mix": 1.0,
    "gaussian_support_std": null,
    "laplace_alpha": 0.0,
    "min_tail_prob": 0.01,
    "pure_gaussian": true,
    "use_tail_cutoff": true
  },
  "snapshot_hour_local": 18,
  "updated_at_utc": "2026-01-27T11:32:33.962998+00:00"
}