{
  "city_key": "NOLHIGH",
  "forecast_source": "mos_gfs_18z_archive",
  "month": 11,
  "n_samples": 90,
  "pmf_error": {
    "-1": 0.19120650295158167,
    "-2": 0.17801840634300944,
    "-3": 0.1317234095079418,
    "-4": 0.07746344767872923,
    "-5": 0.036204827744543366,
    "-6": 0.013448441343539511,
    "-7": 0.003970207678842038,
    "0": 0.16322106704084025,
    "1": 0.1107351685716559,
    "2": 0.05970775386917645,
    "3": 0.025586548224817974,
    "4": 0.008714219045322321
  },
  "pmf_support": {
    "count": 12,
    "max": 4,
    "min": -7
  },
  "smoothing": {
    "error_mean": -1.1888888888888889,
    "error_std": 2.086434728560472,
    "gaussian_mix": 1.0,
    "gaussian_support_std": null,
    "laplace_alpha": 0.0,
    "min_tail_prob": 0.01,
    "pure_gaussian": true,
    "use_tail_cutoff": true
  },
  "snapshot_hour_local": 18,
  "updated_at_utc": "2026-01-27T11:32:33.962998+00:00"
}