{
  "city_key": "NOLHIGH",
  "forecast_source": "mos_gfs_18z_archive",
  "month": 3,
  "n_samples": 93,
  "pmf_error": {
    "-1": 0.1632085314927456,
    "-2": 0.1283708984671549,
    "-3": 0.0837602675756557,
    "-4": 0.045337470160630985,
    "-5": 0.02035749144523409,
    "-6": 0.007582963938699548,
    "-7": 0.0023431574478883824,
    "0": 0.1721340888041153,
    "1": 0.1506047481677654,
    "2": 0.10930957230245918,
    "3": 0.06581508966980427,
    "4": 0.03287308866722539,
    "5": 0.013620821339512769,
    "6": 0.004681810521108626
  },
  "pmf_support": {
    "count": 14,
    "max": 6,
    "min": -7
  },
  "smoothing": {
    "error_mean": -0.21505376344086022,
    "error_std": 2.313352835430755,
    "gaussian_mix": 1.0,
    "gaussian_support_std": null,
    "laplace_alpha": 0.0,
    "min_tail_prob": 0.01,
    "pure_gaussian": true,
    "use_tail_cutoff": true
  },
  "snapshot_hour_local": 18,
  "updated_at_utc": "2026-01-27T11:32:33.962998+00:00"
}