{
  "city_key": "NOLHIGH",
  "forecast_source": "mos_gfs_18z_archive",
  "month": 9,
  "n_samples": 90,
  "pmf_error": {
    "-1": 0.24444444444444444,
    "-2": 0.1111111111111111,
    "-3": 0.05555555555555555,
    "-4": 0.044444444444444446,
    "-5": 0.011111111111111112,
    "-6": 0.022222222222222223,
    "0": 0.23333333333333334,
    "1": 0.17777777777777778,
    "2": 0.06666666666666667,
    "3": 0.022222222222222223,
    "4": 0.011111111111111112
  },
  "pmf_support": {
    "count": 11,
    "max": 4,
    "min": -6
  },
  "smoothing": {
    "error_mean": -0.5777777777777777,
    "error_std": 1.86176605391391,
    "gaussian_mix": 0.0,
    "gaussian_support_std": 4.0,
    "laplace_alpha": 0.0,
    "min_tail_prob": null,
    "pure_gaussian": false,
    "use_tail_cutoff": false
  },
  "snapshot_hour_local": 18,
  "updated_at_utc": "2026-01-27T12:02:32.104053+00:00"
}