{
  "city_key": "NOLHIGH",
  "forecast_source": "mos_gfs_18z_archive",
  "month": 5,
  "n_samples": 93,
  "pmf_error": {
    "-1": 0.1827956989247312,
    "-2": 0.15053763440860216,
    "-3": 0.11827956989247312,
    "-4": 0.053763440860215055,
    "-6": 0.010752688172043012,
    "0": 0.20430107526881722,
    "1": 0.12903225806451613,
    "2": 0.053763440860215055,
    "3": 0.03225806451612903,
    "4": 0.043010752688172046,
    "5": 0.021505376344086023
  },
  "pmf_support": {
    "count": 11,
    "max": 5,
    "min": -6
  },
  "smoothing": {
    "error_mean": -0.5053763440860215,
    "error_std": 2.1683136300245116,
    "gaussian_mix": 0.0,
    "gaussian_support_std": 4.0,
    "laplace_alpha": 0.0,
    "min_tail_prob": null,
    "pure_gaussian": false,
    "use_tail_cutoff": false
  },
  "snapshot_hour_local": 18,
  "updated_at_utc": "2026-01-27T12:02:32.104053+00:00"
}