{
  "city_key": "NOLHIGH",
  "forecast_source": "mos_gfs_18z_archive",
  "month": 10,
  "n_samples": 93,
  "pmf_error": {
    "-1": 0.21505376344086022,
    "-2": 0.26881720430107525,
    "-3": 0.07526881720430108,
    "-4": 0.03225806451612903,
    "-5": 0.03225806451612903,
    "-6": 0.010752688172043012,
    "-7": 0.010752688172043012,
    "0": 0.21505376344086022,
    "1": 0.0967741935483871,
    "2": 0.010752688172043012,
    "5": 0.010752688172043012,
    "6": 0.021505376344086023
  },
  "pmf_support": {
    "count": 12,
    "max": 6,
    "min": -7
  },
  "smoothing": {
    "error_mean": -1.10752688172043,
    "error_std": 2.0397257120652688,
    "gaussian_mix": 0.0,
    "gaussian_support_std": 4.0,
    "laplace_alpha": 0.0,
    "min_tail_prob": null,
    "pure_gaussian": false,
    "use_tail_cutoff": false
  },
  "snapshot_hour_local": 18,
  "updated_at_utc": "2026-01-27T12:02:32.104053+00:00"
}