{
  "city_key": "NOLHIGH",
  "forecast_source": "mos_gfs_18z_archive",
  "month": 4,
  "n_samples": 90,
  "pmf_error": {
    "-1": 0.18888888888888888,
    "-2": 0.1,
    "-3": 0.12222222222222222,
    "-4": 0.044444444444444446,
    "-6": 0.011111111111111112,
    "-7": 0.011111111111111112,
    "0": 0.1111111111111111,
    "1": 0.18888888888888888,
    "2": 0.1111111111111111,
    "3": 0.03333333333333333,
    "4": 0.05555555555555555,
    "5": 0.022222222222222223
  },
  "pmf_support": {
    "count": 12,
    "max": 5,
    "min": -7
  },
  "smoothing": {
    "error_mean": -0.23333333333333334,
    "error_std": 2.380709511422546,
    "gaussian_mix": 0.0,
    "gaussian_support_std": 4.0,
    "laplace_alpha": 0.0,
    "min_tail_prob": null,
    "pure_gaussian": false,
    "use_tail_cutoff": false
  },
  "snapshot_hour_local": 18,
  "updated_at_utc": "2026-01-27T12:02:32.104053+00:00"
}