{
  "city_key": "NOLHIGH",
  "forecast_source": "mos_gfs_18z_archive",
  "month": 2,
  "n_samples": 85,
  "pmf_error": {
    "-1": 0.09937543519386267,
    "-2": 0.06970225309151847,
    "-3": 0.04323979996977302,
    "-4": 0.023724093236199013,
    "-5": 0.011512367757785993,
    "-6": 0.004940930820890461,
    "0": 0.12530844966779672,
    "1": 0.13974965891574434,
    "2": 0.137844754011453,
    "3": 0.12025380176133849,
    "4": 0.0927847227164988,
    "5": 0.06331742135077285,
    "6": 0.038215456463244486,
    "7": 0.020399708871645956,
    "8": 0.009631146171475848
  },
  "pmf_support": {
    "count": 15,
    "max": 8,
    "min": -6
  },
  "smoothing": {
    "error_mean": 1.388235294117647,
    "error_std": 2.8536627347078363,
    "gaussian_mix": 1.0,
    "gaussian_support_std": null,
    "laplace_alpha": 0.0,
    "min_tail_prob": 0.01,
    "pure_gaussian": true,
    "use_tail_cutoff": true
  },
  "snapshot_hour_local": 18,
  "updated_at_utc": "2026-01-27T11:32:33.962998+00:00"
}