{
  "city_key": "NOLHIGH",
  "forecast_source": "mos_gfs_18z_archive",
  "month": 1,
  "n_samples": 91,
  "pmf_error": {
    "-1": 0.07692307692307693,
    "-2": 0.07692307692307693,
    "-3": 0.13186813186813187,
    "-4": 0.02197802197802198,
    "-5": 0.02197802197802198,
    "-6": 0.01098901098901099,
    "-7": 0.02197802197802198,
    "0": 0.14285714285714285,
    "1": 0.08791208791208792,
    "10": 0.02197802197802198,
    "13": 0.01098901098901099,
    "16": 0.01098901098901099,
    "2": 0.0989010989010989,
    "3": 0.07692307692307693,
    "4": 0.06593406593406594,
    "5": 0.06593406593406594,
    "6": 0.01098901098901099,
    "7": 0.04395604395604396
  },
  "pmf_support": {
    "count": 18,
    "max": 16,
    "min": -7
  },
  "smoothing": {
    "error_mean": 0.978021978021978,
    "error_std": 4.0354964071678,
    "gaussian_mix": 0.0,
    "gaussian_support_std": 4.0,
    "laplace_alpha": 0.0,
    "min_tail_prob": null,
    "pure_gaussian": false,
    "use_tail_cutoff": false
  },
  "snapshot_hour_local": 18,
  "updated_at_utc": "2026-01-27T12:02:32.104053+00:00"
}