{
  "city_key": "NOLHIGH",
  "forecast_source": "mos_gfs_18z_archive",
  "month": 1,
  "n_samples": 91,
  "pmf_error": {
    "-1": 0.08887882250162803,
    "-2": 0.0763333657553311,
    "-3": 0.061654181400979224,
    "-4": 0.046831995534978486,
    "-5": 0.033454519415255735,
    "-6": 0.022474960197417543,
    "-7": 0.01419956601330151,
    "-8": 0.008436906086370393,
    "-9": 0.004714366724120342,
    "0": 0.09732270616909176,
    "1": 0.10022176912365048,
    "10": 0.008234424244133213,
    "2": 0.09706037320428605,
    "3": 0.08840032324799249,
    "4": 0.07571775926078828,
    "5": 0.06099210994211996,
    "6": 0.046204211764856604,
    "7": 0.03291709325585912,
    "8": 0.022054305898605523,
    "9": 0.013896240259234097
  },
  "pmf_support": {
    "count": 20,
    "max": 10,
    "min": -9
  },
  "smoothing": {
    "error_mean": 0.978021978021978,
    "error_std": 4.0354964071678,
    "gaussian_mix": 1.0,
    "gaussian_support_std": null,
    "laplace_alpha": 0.0,
    "min_tail_prob": 0.01,
    "pure_gaussian": true,
    "use_tail_cutoff": true
  },
  "snapshot_hour_local": 18,
  "updated_at_utc": "2026-01-27T11:32:33.962998+00:00"
}