{
  "city_key": "NOLHIGH",
  "forecast_source": "mos_gfs_18z_archive",
  "month": 6,
  "n_samples": 90,
  "pmf_error": {
    "-1": 0.2777777777777778,
    "-2": 0.13333333333333333,
    "-3": 0.06666666666666667,
    "-5": 0.011111111111111112,
    "-6": 0.011111111111111112,
    "0": 0.2111111111111111,
    "1": 0.14444444444444443,
    "2": 0.08888888888888889,
    "3": 0.05555555555555555
  },
  "pmf_support": {
    "count": 9,
    "max": 3,
    "min": -6
  },
  "smoothing": {
    "error_mean": -0.37777777777777777,
    "error_std": 1.7164419126513348,
    "gaussian_mix": 0.0,
    "gaussian_support_std": 4.0,
    "laplace_alpha": 0.0,
    "min_tail_prob": null,
    "pure_gaussian": false,
    "use_tail_cutoff": false
  },
  "snapshot_hour_local": 18,
  "updated_at_utc": "2026-01-27T12:02:32.104053+00:00"
}