{
  "city_key": "NOLHIGH",
  "forecast_source": "mos_gfs_18z_archive",
  "month": 4,
  "n_samples": 90,
  "pmf_error": {
    "-1": 0.15962319080295784,
    "-2": 0.1276548821307602,
    "-3": 0.08557633675721954,
    "-4": 0.048088892641617406,
    "-5": 0.022652215423663764,
    "-6": 0.008944404091012532,
    "-7": 0.002960512927795254,
    "0": 0.16731287763816288,
    "1": 0.1470068498829461,
    "2": 0.10827310614264131,
    "3": 0.06684646449804095,
    "4": 0.034594822820656075,
    "5": 0.015007854161198177,
    "6": 0.00545759008132798
  },
  "pmf_support": {
    "count": 14,
    "max": 6,
    "min": -7
  },
  "smoothing": {
    "error_mean": -0.23333333333333334,
    "error_std": 2.380709511422546,
    "gaussian_mix": 1.0,
    "gaussian_support_std": null,
    "laplace_alpha": 0.0,
    "min_tail_prob": 0.01,
    "pure_gaussian": true,
    "use_tail_cutoff": true
  },
  "snapshot_hour_local": 18,
  "updated_at_utc": "2026-01-27T11:32:33.962998+00:00"
}