{
  "city_key": "NOLHIGH",
  "forecast_source": "mos_gfs_18z_archive",
  "month": 2,
  "n_samples": 85,
  "pmf_error": {
    "-1": 0.07058823529411765,
    "-2": 0.047058823529411764,
    "-3": 0.03529411764705882,
    "-4": 0.011764705882352941,
    "-5": 0.011764705882352941,
    "-6": 0.011764705882352941,
    "0": 0.2,
    "1": 0.12941176470588237,
    "13": 0.011764705882352941,
    "2": 0.2,
    "3": 0.12941176470588237,
    "4": 0.058823529411764705,
    "5": 0.023529411764705882,
    "6": 0.03529411764705882,
    "8": 0.011764705882352941,
    "9": 0.011764705882352941
  },
  "pmf_support": {
    "count": 16,
    "max": 13,
    "min": -6
  },
  "smoothing": {
    "error_mean": 1.388235294117647,
    "error_std": 2.8536627347078363,
    "gaussian_mix": 0.0,
    "gaussian_support_std": 4.0,
    "laplace_alpha": 0.0,
    "min_tail_prob": null,
    "pure_gaussian": false,
    "use_tail_cutoff": false
  },
  "snapshot_hour_local": 18,
  "updated_at_utc": "2026-01-27T12:02:32.104053+00:00"
}