{
  "city_key": "NOLHIGH",
  "forecast_source": "mos_gfs_18z_archive",
  "month": 8,
  "n_samples": 93,
  "pmf_error": {
    "-1": 0.20430107526881722,
    "-2": 0.11827956989247312,
    "-3": 0.07526881720430108,
    "-4": 0.043010752688172046,
    "-5": 0.010752688172043012,
    "0": 0.1935483870967742,
    "1": 0.2903225806451613,
    "2": 0.06451612903225806
  },
  "pmf_support": {
    "count": 8,
    "max": 2,
    "min": -5
  },
  "smoothing": {
    "error_mean": -0.4731182795698925,
    "error_std": 1.6236915185158374,
    "gaussian_mix": 0.0,
    "gaussian_support_std": 4.0,
    "laplace_alpha": 0.0,
    "min_tail_prob": null,
    "pure_gaussian": false,
    "use_tail_cutoff": false
  },
  "snapshot_hour_local": 18,
  "updated_at_utc": "2026-01-27T12:02:32.104053+00:00"
}