{
  "city_key": "NOLHIGH",
  "forecast_source": "mos_gfs_18z_archive",
  "month": 12,
  "n_samples": 93,
  "pmf_error": {
    "-1": 0.13978494623655913,
    "-2": 0.16129032258064516,
    "-3": 0.043010752688172046,
    "-4": 0.043010752688172046,
    "-5": 0.021505376344086023,
    "-6": 0.010752688172043012,
    "-7": 0.021505376344086023,
    "0": 0.10752688172043011,
    "1": 0.13978494623655913,
    "10": 0.010752688172043012,
    "11": 0.010752688172043012,
    "2": 0.15053763440860216,
    "3": 0.06451612903225806,
    "4": 0.06451612903225806,
    "6": 0.010752688172043012
  },
  "pmf_support": {
    "count": 15,
    "max": 11,
    "min": -7
  },
  "smoothing": {
    "error_mean": 0.0967741935483871,
    "error_std": 2.9912579298306734,
    "gaussian_mix": 0.0,
    "gaussian_support_std": 4.0,
    "laplace_alpha": 0.0,
    "min_tail_prob": null,
    "pure_gaussian": false,
    "use_tail_cutoff": false
  },
  "snapshot_hour_local": 18,
  "updated_at_utc": "2026-01-27T12:02:32.104053+00:00"
}