{
  "city_key": "NOLHIGH",
  "forecast_source": "mos_gfs_18z_archive",
  "month": 9,
  "n_samples": 90,
  "pmf_error": {
    "-1": 0.2090755661714555,
    "-2": 0.16023351266651828,
    "-3": 0.09202552902086823,
    "-4": 0.03960665717819809,
    "-5": 0.012774177695601198,
    "-6": 0.0030874690608921375,
    "0": 0.2044363445347551,
    "1": 0.14980207514647292,
    "2": 0.08225881510842072,
    "3": 0.03384947729631602,
    "4": 0.010438218444097138,
    "5": 0.0024121576764046092
  },
  "pmf_support": {
    "count": 12,
    "max": 5,
    "min": -6
  },
  "smoothing": {
    "error_mean": -0.5777777777777777,
    "error_std": 1.86176605391391,
    "gaussian_mix": 1.0,
    "gaussian_support_std": null,
    "laplace_alpha": 0.0,
    "min_tail_prob": 0.01,
    "pure_gaussian": true,
    "use_tail_cutoff": true
  },
  "snapshot_hour_local": 18,
  "updated_at_utc": "2026-01-27T11:32:33.962998+00:00"
}