{
  "city_key": "NOLHIGH",
  "forecast_source": "mos_gfs_18z_archive",
  "month": 6,
  "n_samples": 90,
  "pmf_error": {
    "-1": 0.21834448823866479,
    "-2": 0.1491817789686664,
    "-3": 0.07259047208937441,
    "-4": 0.025155546144046706,
    "-5": 0.006208378282330861,
    "0": 0.22759303934995403,
    "1": 0.1689530392136165,
    "2": 0.08932300642498552,
    "3": 0.03363186463451113,
    "4": 0.009018386653849611
  },
  "pmf_support": {
    "count": 10,
    "max": 4,
    "min": -5
  },
  "smoothing": {
    "error_mean": -0.37777777777777777,
    "error_std": 1.7164419126513348,
    "gaussian_mix": 1.0,
    "gaussian_support_std": null,
    "laplace_alpha": 0.0,
    "min_tail_prob": 0.01,
    "pure_gaussian": true,
    "use_tail_cutoff": true
  },
  "snapshot_hour_local": 18,
  "updated_at_utc": "2026-01-27T11:32:33.962998+00:00"
}