{
  "city_key": "NOLHIGH",
  "forecast_source": "mos_gfs_18z_archive",
  "month": 3,
  "n_samples": 93,
  "pmf_error": {
    "-1": 0.13978494623655913,
    "-2": 0.16129032258064516,
    "-3": 0.043010752688172046,
    "-4": 0.03225806451612903,
    "-5": 0.021505376344086023,
    "-7": 0.021505376344086023,
    "0": 0.1827956989247312,
    "1": 0.22580645161290322,
    "2": 0.053763440860215055,
    "3": 0.07526881720430108,
    "4": 0.021505376344086023,
    "5": 0.010752688172043012,
    "6": 0.010752688172043012
  },
  "pmf_support": {
    "count": 13,
    "max": 6,
    "min": -7
  },
  "smoothing": {
    "error_mean": -0.21505376344086022,
    "error_std": 2.313352835430755,
    "gaussian_mix": 0.0,
    "gaussian_support_std": 4.0,
    "laplace_alpha": 0.0,
    "min_tail_prob": null,
    "pure_gaussian": false,
    "use_tail_cutoff": false
  },
  "snapshot_hour_local": 18,
  "updated_at_utc": "2026-01-27T12:02:32.104053+00:00"
}