{
  "city_key": "NOLHIGH",
  "forecast_source": "mos_gfs_18z_archive",
  "month": 5,
  "n_samples": 93,
  "pmf_error": {
    "-1": 0.17983198140870107,
    "-2": 0.14554309392263798,
    "-3": 0.09522354079243163,
    "-4": 0.05036456643831695,
    "-5": 0.021534456892622227,
    "-6": 0.007443390376927378,
    "-7": 0.0020798677464867934,
    "0": 0.17962645790379958,
    "1": 0.14504465609836636,
    "2": 0.09468064531991116,
    "3": 0.049963026291447596,
    "4": 0.021313968160467663,
    "5": 0.0073503486478835225
  },
  "pmf_support": {
    "count": 13,
    "max": 5,
    "min": -7
  },
  "smoothing": {
    "error_mean": -0.5053763440860215,
    "error_std": 2.1683136300245116,
    "gaussian_mix": 1.0,
    "gaussian_support_std": null,
    "laplace_alpha": 0.0,
    "min_tail_prob": 0.01,
    "pure_gaussian": true,
    "use_tail_cutoff": true
  },
  "snapshot_hour_local": 18,
  "updated_at_utc": "2026-01-27T11:32:33.962998+00:00"
}