{
  "city_key": "NOLHIGH",
  "forecast_source": "mos_gfs_18z_archive",
  "month": 10,
  "n_samples": 93,
  "pmf_error": {
    "-1": 0.19600438030353798,
    "-2": 0.1783598992268222,
    "-3": 0.12762713394765818,
    "-4": 0.07181301690598323,
    "-5": 0.03177442386178814,
    "-6": 0.011055198738215383,
    "-7": 0.003024612767019221,
    "0": 0.16937476004431545,
    "1": 0.11509221966286158,
    "2": 0.06149751909363049,
    "3": 0.025839468911509324,
    "4": 0.008537366536658942
  },
  "pmf_support": {
    "count": 12,
    "max": 4,
    "min": -7
  },
  "smoothing": {
    "error_mean": -1.10752688172043,
    "error_std": 2.0397257120652688,
    "gaussian_mix": 1.0,
    "gaussian_support_std": null,
    "laplace_alpha": 0.0,
    "min_tail_prob": 0.01,
    "pure_gaussian": true,
    "use_tail_cutoff": true
  },
  "snapshot_hour_local": 18,
  "updated_at_utc": "2026-01-27T11:32:33.962998+00:00"
}