{
  "city_key": "PHLHIGH",
  "forecast_source": "mos_gfs_18z_archive",
  "month": 2,
  "n_samples": 85,
  "pmf_error": {
    "-1": 0.12941176470588237,
    "-2": 0.09411764705882353,
    "-3": 0.08235294117647059,
    "-4": 0.07058823529411765,
    "-5": 0.047058823529411764,
    "-6": 0.011764705882352941,
    "-8": 0.023529411764705882,
    "0": 0.17647058823529413,
    "1": 0.10588235294117647,
    "10": 0.011764705882352941,
    "2": 0.08235294117647059,
    "3": 0.058823529411764705,
    "4": 0.08235294117647059,
    "5": 0.011764705882352941,
    "6": 0.011764705882352941
  },
  "pmf_support": {
    "count": 15,
    "max": 10,
    "min": -8
  },
  "smoothing": {
    "error_mean": -0.3176470588235294,
    "error_std": 3.091589215182464,
    "gaussian_mix": 0.0,
    "gaussian_support_std": 4.0,
    "laplace_alpha": 0.0,
    "min_tail_prob": null,
    "pure_gaussian": false,
    "use_tail_cutoff": false
  },
  "snapshot_hour_local": 18,
  "updated_at_utc": "2026-01-27T12:02:32.104053+00:00"
}