{
  "city_key": "PHLHIGH",
  "forecast_source": "mos_gfs_18z_archive",
  "month": 12,
  "n_samples": 93,
  "pmf_error": {
    "-1": 0.09171275725899457,
    "-2": 0.06694133175634219,
    "-3": 0.04409792626554666,
    "-4": 0.026218099468785026,
    "-5": 0.014068359823537971,
    "-6": 0.0068131029196938,
    "-7": 0.0029778694365049335,
    "0": 0.11340295555972306,
    "1": 0.12655468222871796,
    "2": 0.12746509760735472,
    "3": 0.11586801558565,
    "4": 0.09505940164730123,
    "5": 0.07038592210002025,
    "6": 0.04703658182024313,
    "7": 0.028369058573406058,
    "8": 0.015442347288265887,
    "9": 0.007586490659912546
  },
  "pmf_support": {
    "count": 17,
    "max": 9,
    "min": -7
  },
  "smoothing": {
    "error_mean": 1.5698924731182795,
    "error_std": 3.1225776829868352,
    "gaussian_mix": 1.0,
    "gaussian_support_std": null,
    "laplace_alpha": 0.0,
    "min_tail_prob": 0.01,
    "pure_gaussian": true,
    "use_tail_cutoff": true
  },
  "snapshot_hour_local": 18,
  "updated_at_utc": "2026-01-27T11:32:33.962998+00:00"
}