{
  "city_key": "PHLHIGH",
  "forecast_source": "mos_gfs_18z_archive",
  "month": 11,
  "n_samples": 90,
  "pmf_error": {
    "-1": 0.07777777777777778,
    "-2": 0.011111111111111112,
    "-3": 0.011111111111111112,
    "-5": 0.011111111111111112,
    "-6": 0.022222222222222223,
    "-7": 0.011111111111111112,
    "0": 0.15555555555555556,
    "1": 0.24444444444444444,
    "2": 0.12222222222222222,
    "3": 0.12222222222222222,
    "4": 0.13333333333333333,
    "5": 0.03333333333333333,
    "6": 0.011111111111111112,
    "7": 0.011111111111111112,
    "8": 0.022222222222222223
  },
  "pmf_support": {
    "count": 15,
    "max": 8,
    "min": -7
  },
  "smoothing": {
    "error_mean": 1.4777777777777779,
    "error_std": 2.612907183697363,
    "gaussian_mix": 0.0,
    "gaussian_support_std": 4.0,
    "laplace_alpha": 0.0,
    "min_tail_prob": null,
    "pure_gaussian": false,
    "use_tail_cutoff": false
  },
  "snapshot_hour_local": 18,
  "updated_at_utc": "2026-01-27T12:02:32.104053+00:00"
}