{
  "city_key": "PHLHIGH",
  "forecast_source": "mos_gfs_18z_archive",
  "month": 8,
  "n_samples": 93,
  "pmf_error": {
    "-1": 0.11827956989247312,
    "-2": 0.0967741935483871,
    "-3": 0.043010752688172046,
    "-4": 0.03225806451612903,
    "0": 0.13978494623655913,
    "1": 0.3010752688172043,
    "2": 0.15053763440860216,
    "3": 0.053763440860215055,
    "4": 0.021505376344086023,
    "5": 0.021505376344086023,
    "7": 0.021505376344086023
  },
  "pmf_support": {
    "count": 11,
    "max": 7,
    "min": -4
  },
  "smoothing": {
    "error_mean": 0.5376344086021505,
    "error_std": 2.107636600172321,
    "gaussian_mix": 0.0,
    "gaussian_support_std": 4.0,
    "laplace_alpha": 0.0,
    "min_tail_prob": null,
    "pure_gaussian": false,
    "use_tail_cutoff": false
  },
  "snapshot_hour_local": 18,
  "updated_at_utc": "2026-01-27T12:02:32.104053+00:00"
}