{
  "city_key": "PHLHIGH",
  "forecast_source": "mos_gfs_18z_archive",
  "month": 6,
  "n_samples": 90,
  "pmf_error": {
    "-1": 0.2222222222222222,
    "-2": 0.05555555555555555,
    "-3": 0.05555555555555555,
    "-4": 0.022222222222222223,
    "-5": 0.05555555555555555,
    "-7": 0.011111111111111112,
    "-9": 0.011111111111111112,
    "0": 0.2111111111111111,
    "1": 0.16666666666666666,
    "2": 0.08888888888888889,
    "3": 0.05555555555555555,
    "4": 0.022222222222222223,
    "6": 0.011111111111111112,
    "8": 0.011111111111111112
  },
  "pmf_support": {
    "count": 14,
    "max": 8,
    "min": -9
  },
  "smoothing": {
    "error_mean": -0.28888888888888886,
    "error_std": 2.5571009819908883,
    "gaussian_mix": 0.0,
    "gaussian_support_std": 4.0,
    "laplace_alpha": 0.0,
    "min_tail_prob": null,
    "pure_gaussian": false,
    "use_tail_cutoff": false
  },
  "snapshot_hour_local": 18,
  "updated_at_utc": "2026-01-27T12:02:32.104053+00:00"
}