{
  "city_key": "PHLHIGH",
  "forecast_source": "mos_gfs_18z_archive",
  "month": 1,
  "n_samples": 91,
  "pmf_error": {
    "-1": 0.10984872207410266,
    "-2": 0.08883348519476918,
    "-3": 0.06514302660182032,
    "-4": 0.04331803051478203,
    "-5": 0.026120351237850472,
    "-6": 0.014282323355639306,
    "-7": 0.007081548752951892,
    "-8": 0.0031839568732187915,
    "0": 0.12317508082806927,
    "1": 0.1252449553087133,
    "2": 0.11548010430435109,
    "3": 0.09655252416707152,
    "4": 0.07320312743651503,
    "5": 0.05032747926223316,
    "6": 0.03137547147310602,
    "7": 0.017737192597931228,
    "8": 0.009092620016874563
  },
  "pmf_support": {
    "count": 17,
    "max": 8,
    "min": -8
  },
  "smoothing": {
    "error_mean": 0.6703296703296703,
    "error_std": 3.1970279641262738,
    "gaussian_mix": 1.0,
    "gaussian_support_std": null,
    "laplace_alpha": 0.0,
    "min_tail_prob": 0.01,
    "pure_gaussian": true,
    "use_tail_cutoff": true
  },
  "snapshot_hour_local": 18,
  "updated_at_utc": "2026-01-27T11:32:33.962998+00:00"
}