{
  "city_key": "PHLHIGH",
  "forecast_source": "mos_gfs_18z_archive",
  "month": 7,
  "n_samples": 93,
  "pmf_error": {
    "-1": 0.13978494623655913,
    "-2": 0.16129032258064516,
    "-3": 0.08602150537634409,
    "-4": 0.03225806451612903,
    "-8": 0.010752688172043012,
    "0": 0.20430107526881722,
    "1": 0.1827956989247312,
    "2": 0.0967741935483871,
    "3": 0.06451612903225806,
    "5": 0.010752688172043012,
    "6": 0.010752688172043012
  },
  "pmf_support": {
    "count": 11,
    "max": 6,
    "min": -8
  },
  "smoothing": {
    "error_mean": -0.24731182795698925,
    "error_std": 2.1233768701930544,
    "gaussian_mix": 0.0,
    "gaussian_support_std": 4.0,
    "laplace_alpha": 0.0,
    "min_tail_prob": null,
    "pure_gaussian": false,
    "use_tail_cutoff": false
  },
  "snapshot_hour_local": 18,
  "updated_at_utc": "2026-01-27T12:02:32.104053+00:00"
}