{
  "city_key": "PHLHIGH",
  "forecast_source": "mos_gfs_18z_archive",
  "month": 9,
  "n_samples": 90,
  "pmf_error": {
    "-1": 0.08025002374026192,
    "-2": 0.04123223320353947,
    "-3": 0.017348664637736894,
    "-4": 0.005977681240926969,
    "0": 0.12790602076491195,
    "1": 0.16694534454941773,
    "2": 0.17844120362612723,
    "3": 0.15619009231253014,
    "4": 0.1119565032326137,
    "5": 0.06571774848796322,
    "6": 0.031590284176834224,
    "7": 0.012435461173234116,
    "8": 0.004008738853902399
  },
  "pmf_support": {
    "count": 13,
    "max": 8,
    "min": -4
  },
  "smoothing": {
    "error_mean": 1.8333333333333333,
    "error_std": 2.237309892606645,
    "gaussian_mix": 1.0,
    "gaussian_support_std": null,
    "laplace_alpha": 0.0,
    "min_tail_prob": 0.01,
    "pure_gaussian": true,
    "use_tail_cutoff": true
  },
  "snapshot_hour_local": 18,
  "updated_at_utc": "2026-01-27T11:32:33.962998+00:00"
}