{
  "city_key": "PHLHIGH",
  "forecast_source": "mos_gfs_18z_archive",
  "month": 2,
  "n_samples": 85,
  "pmf_error": {
    "-1": 0.12714065473775338,
    "-2": 0.11234674663660313,
    "-3": 0.08941253265961005,
    "-4": 0.0640911599996444,
    "-5": 0.041377067382154305,
    "-6": 0.02405930736206597,
    "-7": 0.01259993699176008,
    "-8": 0.005943133221643113,
    "0": 0.12958962282978972,
    "1": 0.11896462701868236,
    "2": 0.09836199033086016,
    "3": 0.07324847847005443,
    "4": 0.04912830119739336,
    "5": 0.029677459792177445,
    "6": 0.016146691316956684,
    "7": 0.007912290052851415
  },
  "pmf_support": {
    "count": 16,
    "max": 7,
    "min": -8
  },
  "smoothing": {
    "error_mean": -0.3176470588235294,
    "error_std": 3.091589215182464,
    "gaussian_mix": 1.0,
    "gaussian_support_std": null,
    "laplace_alpha": 0.0,
    "min_tail_prob": 0.01,
    "pure_gaussian": true,
    "use_tail_cutoff": true
  },
  "snapshot_hour_local": 18,
  "updated_at_utc": "2026-01-27T11:32:33.962998+00:00"
}