{
  "city_key": "PHLHIGH",
  "forecast_source": "mos_gfs_18z_archive",
  "month": 3,
  "n_samples": 93,
  "pmf_error": {
    "-1": 0.16129032258064516,
    "-11": 0.010752688172043012,
    "-2": 0.08602150537634409,
    "-3": 0.0967741935483871,
    "-4": 0.043010752688172046,
    "-5": 0.043010752688172046,
    "-6": 0.021505376344086023,
    "-8": 0.021505376344086023,
    "0": 0.0967741935483871,
    "1": 0.12903225806451613,
    "10": 0.010752688172043012,
    "2": 0.07526881720430108,
    "3": 0.043010752688172046,
    "4": 0.03225806451612903,
    "5": 0.03225806451612903,
    "6": 0.03225806451612903,
    "7": 0.03225806451612903,
    "8": 0.021505376344086023,
    "9": 0.010752688172043012
  },
  "pmf_support": {
    "count": 19,
    "max": 10,
    "min": -11
  },
  "smoothing": {
    "error_mean": 0.06451612903225806,
    "error_std": 3.8459766761936915,
    "gaussian_mix": 0.0,
    "gaussian_support_std": 4.0,
    "laplace_alpha": 0.0,
    "min_tail_prob": null,
    "pure_gaussian": false,
    "use_tail_cutoff": false
  },
  "snapshot_hour_local": 18,
  "updated_at_utc": "2026-01-27T12:02:32.104053+00:00"
}