{
  "city_key": "PHLHIGH",
  "forecast_source": "mos_gfs_18z_archive",
  "month": 11,
  "n_samples": 90,
  "pmf_error": {
    "-1": 0.09783002825706547,
    "-2": 0.06324860608360275,
    "-3": 0.03531979177357708,
    "-4": 0.017036238312193756,
    "-5": 0.007097700585491236,
    "-6": 0.0025541714091699514,
    "0": 0.13070186825267652,
    "1": 0.15082724838189063,
    "2": 0.15033711675800407,
    "3": 0.12943180921511407,
    "4": 0.09625077231884893,
    "5": 0.06182381777147358,
    "6": 0.03430013376947047,
    "7": 0.016437062383524048,
    "8": 0.006803634727897407
  },
  "pmf_support": {
    "count": 15,
    "max": 8,
    "min": -6
  },
  "smoothing": {
    "error_mean": 1.4777777777777779,
    "error_std": 2.612907183697363,
    "gaussian_mix": 1.0,
    "gaussian_support_std": null,
    "laplace_alpha": 0.0,
    "min_tail_prob": 0.01,
    "pure_gaussian": true,
    "use_tail_cutoff": true
  },
  "snapshot_hour_local": 18,
  "updated_at_utc": "2026-01-27T11:32:33.962998+00:00"
}