{
  "city_key": "PHLHIGH",
  "forecast_source": "mos_gfs_18z_archive",
  "month": 6,
  "n_samples": 90,
  "pmf_error": {
    "-1": 0.151008125860413,
    "-2": 0.12547587380286326,
    "-3": 0.0894750022248093,
    "-4": 0.054755126287423295,
    "-5": 0.028756063240419197,
    "-6": 0.012960317863087005,
    "-7": 0.0050128355119319935,
    "0": 0.15596314512254494,
    "1": 0.13823729574183438,
    "2": 0.10515018768524396,
    "3": 0.0686398701151369,
    "4": 0.038452486810350836,
    "5": 0.01848646992900722,
    "6": 0.0076271998049348986
  },
  "pmf_support": {
    "count": 14,
    "max": 6,
    "min": -7
  },
  "smoothing": {
    "error_mean": -0.28888888888888886,
    "error_std": 2.5571009819908883,
    "gaussian_mix": 1.0,
    "gaussian_support_std": null,
    "laplace_alpha": 0.0,
    "min_tail_prob": 0.01,
    "pure_gaussian": true,
    "use_tail_cutoff": true
  },
  "snapshot_hour_local": 18,
  "updated_at_utc": "2026-01-27T11:32:33.962998+00:00"
}