{
  "city_key": "PHLHIGH",
  "forecast_source": "mos_gfs_18z_archive",
  "month": 10,
  "n_samples": 93,
  "pmf_error": {
    "-1": 0.08602150537634409,
    "-2": 0.03225806451612903,
    "-3": 0.010752688172043012,
    "0": 0.21505376344086022,
    "1": 0.12903225806451613,
    "10": 0.010752688172043012,
    "2": 0.21505376344086022,
    "3": 0.1827956989247312,
    "4": 0.08602150537634409,
    "5": 0.010752688172043012,
    "6": 0.021505376344086023
  },
  "pmf_support": {
    "count": 11,
    "max": 10,
    "min": -3
  },
  "smoothing": {
    "error_mean": 1.5591397849462365,
    "error_std": 2.002484293584238,
    "gaussian_mix": 0.0,
    "gaussian_support_std": 4.0,
    "laplace_alpha": 0.0,
    "min_tail_prob": null,
    "pure_gaussian": false,
    "use_tail_cutoff": false
  },
  "snapshot_hour_local": 18,
  "updated_at_utc": "2026-01-27T12:02:32.104053+00:00"
}