{
  "city_key": "PHLHIGH",
  "forecast_source": "mos_gfs_18z_archive",
  "month": 5,
  "n_samples": 93,
  "pmf_error": {
    "-1": 0.1362779894724117,
    "-2": 0.10837046488935183,
    "-3": 0.07500734824615973,
    "-4": 0.04518604646009376,
    "-5": 0.02369258972297803,
    "-6": 0.010812556262596147,
    "-7": 0.004294888401340269,
    "0": 0.14915855107589915,
    "1": 0.14209482161119072,
    "2": 0.1178191820121016,
    "3": 0.08502789199482169,
    "4": 0.05340900388222073,
    "5": 0.02919948562036231,
    "6": 0.013894521039004435,
    "7": 0.00575465930946798
  },
  "pmf_support": {
    "count": 15,
    "max": 7,
    "min": -7
  },
  "smoothing": {
    "error_mean": 0.15053763440860216,
    "error_std": 2.6838675213653085,
    "gaussian_mix": 1.0,
    "gaussian_support_std": null,
    "laplace_alpha": 0.0,
    "min_tail_prob": 0.01,
    "pure_gaussian": true,
    "use_tail_cutoff": true
  },
  "snapshot_hour_local": 18,
  "updated_at_utc": "2026-01-27T11:32:33.962998+00:00"
}