{
  "city_key": "PHLHIGH",
  "forecast_source": "mos_gfs_18z_archive",
  "month": 7,
  "n_samples": 93,
  "pmf_error": {
    "-1": 0.1772606812898291,
    "-2": 0.13426094222851873,
    "-3": 0.08146366311156615,
    "-4": 0.039596349266776666,
    "-5": 0.015417832583326027,
    "-6": 0.004809151650247546,
    "0": 0.1874787741398227,
    "1": 0.1588432497645868,
    "2": 0.10781083005344362,
    "3": 0.05861826816408168,
    "4": 0.02553174772022468,
    "5": 0.008908510027576392
  },
  "pmf_support": {
    "count": 12,
    "max": 5,
    "min": -6
  },
  "smoothing": {
    "error_mean": -0.24731182795698925,
    "error_std": 2.1233768701930544,
    "gaussian_mix": 1.0,
    "gaussian_support_std": null,
    "laplace_alpha": 0.0,
    "min_tail_prob": 0.01,
    "pure_gaussian": true,
    "use_tail_cutoff": true
  },
  "snapshot_hour_local": 18,
  "updated_at_utc": "2026-01-27T11:32:33.962998+00:00"
}