{
  "city_key": "PHLHIGH",
  "forecast_source": "mos_gfs_18z_archive",
  "month": 4,
  "n_samples": 90,
  "pmf_error": {
    "-1": 0.1215659606061896,
    "-2": 0.10424905077544126,
    "-3": 0.08075438932327653,
    "-4": 0.05650593561299013,
    "-5": 0.035715432055673034,
    "-6": 0.02039161632513711,
    "-7": 0.010516743918616492,
    "-8": 0.004899422043981901,
    "0": 0.1280518237246832,
    "1": 0.12184100005597688,
    "2": 0.10472130529284887,
    "3": 0.08130374371969053,
    "4": 0.057019045821735045,
    "5": 0.036121290019777284,
    "6": 0.020669999390353678,
    "7": 0.010684435471238143,
    "8": 0.004988805842390124
  },
  "pmf_support": {
    "count": 17,
    "max": 8,
    "min": -8
  },
  "smoothing": {
    "error_mean": 0.011111111111111112,
    "error_std": 3.1357949353462526,
    "gaussian_mix": 1.0,
    "gaussian_support_std": null,
    "laplace_alpha": 0.0,
    "min_tail_prob": 0.01,
    "pure_gaussian": true,
    "use_tail_cutoff": true
  },
  "snapshot_hour_local": 18,
  "updated_at_utc": "2026-01-27T11:32:33.962998+00:00"
}