{
  "city_key": "PHLHIGH",
  "forecast_source": "mos_gfs_18z_archive",
  "month": 5,
  "n_samples": 93,
  "pmf_error": {
    "-1": 0.08602150537634409,
    "-2": 0.043010752688172046,
    "-3": 0.021505376344086023,
    "-4": 0.07526881720430108,
    "-5": 0.053763440860215055,
    "-6": 0.010752688172043012,
    "-7": 0.010752688172043012,
    "0": 0.1935483870967742,
    "1": 0.21505376344086022,
    "2": 0.12903225806451613,
    "3": 0.06451612903225806,
    "4": 0.07526881720430108,
    "5": 0.010752688172043012,
    "7": 0.010752688172043012
  },
  "pmf_support": {
    "count": 14,
    "max": 7,
    "min": -7
  },
  "smoothing": {
    "error_mean": 0.15053763440860216,
    "error_std": 2.6838675213653085,
    "gaussian_mix": 0.0,
    "gaussian_support_std": 4.0,
    "laplace_alpha": 0.0,
    "min_tail_prob": null,
    "pure_gaussian": false,
    "use_tail_cutoff": false
  },
  "snapshot_hour_local": 18,
  "updated_at_utc": "2026-01-27T12:02:32.104053+00:00"
}