{
  "city_key": "PHLHIGH",
  "forecast_source": "mos_gfs_18z_archive",
  "month": 8,
  "n_samples": 93,
  "pmf_error": {
    "-1": 0.14564870938610727,
    "-2": 0.09206466581095323,
    "-3": 0.046463529358002666,
    "-4": 0.01872251918918774,
    "-5": 0.006023504613627283,
    "0": 0.18397261200318202,
    "1": 0.18553787676995334,
    "2": 0.14939802783885842,
    "3": 0.09604837482686693,
    "4": 0.04930239891652571,
    "5": 0.02020593520671849,
    "6": 0.006611846080016909
  },
  "pmf_support": {
    "count": 12,
    "max": 6,
    "min": -5
  },
  "smoothing": {
    "error_mean": 0.5376344086021505,
    "error_std": 2.107636600172321,
    "gaussian_mix": 1.0,
    "gaussian_support_std": null,
    "laplace_alpha": 0.0,
    "min_tail_prob": 0.01,
    "pure_gaussian": true,
    "use_tail_cutoff": true
  },
  "snapshot_hour_local": 18,
  "updated_at_utc": "2026-01-27T11:32:33.962998+00:00"
}