{
  "city_key": "PHLHIGH",
  "forecast_source": "mos_gfs_18z_archive",
  "month": 10,
  "n_samples": 93,
  "pmf_error": {
    "-1": 0.0882601445775387,
    "-2": 0.04115725064036811,
    "-3": 0.014956283310880602,
    "-4": 0.004235421310041802,
    "0": 0.1474954149354327,
    "1": 0.19208259396182448,
    "2": 0.19493647589022486,
    "3": 0.15416784991067758,
    "4": 0.09501455249150456,
    "5": 0.045633317777660436,
    "6": 0.017079280456056466,
    "7": 0.004981414737789505
  },
  "pmf_support": {
    "count": 12,
    "max": 7,
    "min": -4
  },
  "smoothing": {
    "error_mean": 1.5591397849462365,
    "error_std": 2.002484293584238,
    "gaussian_mix": 1.0,
    "gaussian_support_std": null,
    "laplace_alpha": 0.0,
    "min_tail_prob": 0.01,
    "pure_gaussian": true,
    "use_tail_cutoff": true
  },
  "snapshot_hour_local": 18,
  "updated_at_utc": "2026-01-27T11:32:33.962998+00:00"
}