{
  "city_key": "PHLHIGH",
  "forecast_source": "mos_gfs_18z_archive",
  "month": 12,
  "n_samples": 93,
  "pmf_error": {
    "-1": 0.10752688172043011,
    "-2": 0.07526881720430108,
    "-3": 0.010752688172043012,
    "-4": 0.010752688172043012,
    "-6": 0.010752688172043012,
    "-7": 0.010752688172043012,
    "0": 0.1827956989247312,
    "1": 0.16129032258064516,
    "11": 0.010752688172043012,
    "2": 0.0967741935483871,
    "3": 0.10752688172043011,
    "4": 0.053763440860215055,
    "5": 0.06451612903225806,
    "6": 0.03225806451612903,
    "7": 0.021505376344086023,
    "8": 0.021505376344086023,
    "9": 0.021505376344086023
  },
  "pmf_support": {
    "count": 17,
    "max": 11,
    "min": -7
  },
  "smoothing": {
    "error_mean": 1.5698924731182795,
    "error_std": 3.1225776829868352,
    "gaussian_mix": 0.0,
    "gaussian_support_std": 4.0,
    "laplace_alpha": 0.0,
    "min_tail_prob": null,
    "pure_gaussian": false,
    "use_tail_cutoff": false
  },
  "snapshot_hour_local": 18,
  "updated_at_utc": "2026-01-27T12:02:32.104053+00:00"
}