{
  "city_key": "PHLHIGH",
  "forecast_source": "mos_gfs_18z_archive",
  "month": 1,
  "n_samples": 91,
  "pmf_error": {
    "-1": 0.17582417582417584,
    "-2": 0.06593406593406594,
    "-3": 0.07692307692307693,
    "-4": 0.054945054945054944,
    "-5": 0.01098901098901099,
    "-8": 0.01098901098901099,
    "0": 0.12087912087912088,
    "1": 0.12087912087912088,
    "10": 0.01098901098901099,
    "11": 0.01098901098901099,
    "2": 0.10989010989010989,
    "3": 0.06593406593406594,
    "4": 0.07692307692307693,
    "5": 0.054945054945054944,
    "6": 0.02197802197802198,
    "8": 0.01098901098901099
  },
  "pmf_support": {
    "count": 16,
    "max": 11,
    "min": -8
  },
  "smoothing": {
    "error_mean": 0.6703296703296703,
    "error_std": 3.1970279641262738,
    "gaussian_mix": 0.0,
    "gaussian_support_std": 4.0,
    "laplace_alpha": 0.0,
    "min_tail_prob": null,
    "pure_gaussian": false,
    "use_tail_cutoff": false
  },
  "snapshot_hour_local": 18,
  "updated_at_utc": "2026-01-27T12:02:32.104053+00:00"
}