{
  "city_key": "PHLHIGH",
  "forecast_source": "mos_gfs_18z_archive",
  "month": 3,
  "n_samples": 93,
  "pmf_error": {
    "-1": 0.10082760785887222,
    "-10": 0.0034131945638683076,
    "-2": 0.09070760223863372,
    "-3": 0.07626879737775583,
    "-4": 0.059936185238565205,
    "-5": 0.04402205231421537,
    "-6": 0.03021972175463741,
    "-7": 0.019388741708679384,
    "-8": 0.01162646736967682,
    "-9": 0.006516057636508296,
    "0": 0.10475004746504832,
    "1": 0.10171101337088279,
    "2": 0.09230404265321696,
    "3": 0.07829111016528413,
    "4": 0.06206448679201727,
    "5": 0.04598464878903413,
    "6": 0.031843556544763,
    "7": 0.020609585094045382,
    "8": 0.01246682658369823,
    "9": 0.007048254480597309
  },
  "pmf_support": {
    "count": 20,
    "max": 9,
    "min": -10
  },
  "smoothing": {
    "error_mean": 0.06451612903225806,
    "error_std": 3.8459766761936915,
    "gaussian_mix": 1.0,
    "gaussian_support_std": null,
    "laplace_alpha": 0.0,
    "min_tail_prob": 0.01,
    "pure_gaussian": true,
    "use_tail_cutoff": true
  },
  "snapshot_hour_local": 18,
  "updated_at_utc": "2026-01-27T11:32:33.962998+00:00"
}