{
  "city_key": "SEAHIGH",
  "forecast_source": "mos_gfs_18z_archive",
  "month": 11,
  "n_samples": 90,
  "pmf_error": {
    "-1": 0.16264480497544018,
    "-2": 0.10766014397139871,
    "-3": 0.05616860223648608,
    "-4": 0.023097032046139405,
    "-5": 0.007485876145539252,
    "-6": 0.0019122866712433613,
    "0": 0.19366419546291708,
    "1": 0.18175332978287612,
    "2": 0.13444334711052627,
    "3": 0.07838268865077536,
    "4": 0.03601843980300891,
    "5": 0.01304528396668443,
    "6": 0.0037239691769648487
  },
  "pmf_support": {
    "count": 13,
    "max": 6,
    "min": -6
  },
  "smoothing": {
    "error_mean": 0.23333333333333334,
    "error_std": 2.0496612186190943,
    "gaussian_mix": 1.0,
    "gaussian_support_std": null,
    "laplace_alpha": 0.0,
    "min_tail_prob": 0.01,
    "pure_gaussian": true,
    "use_tail_cutoff": true
  },
  "snapshot_hour_local": 18,
  "updated_at_utc": "2026-01-27T11:32:33.962998+00:00"
}