{
  "city_key": "SEAHIGH",
  "forecast_source": "mos_gfs_18z_archive",
  "month": 6,
  "n_samples": 90,
  "pmf_error": {
    "-1": 0.16779383826824884,
    "-2": 0.14432082419081152,
    "-3": 0.10384341360986311,
    "-4": 0.06250659990780699,
    "-5": 0.03147529139104121,
    "-6": 0.013258995003825947,
    "-7": 0.004672490407684106,
    "0": 0.1631999347487126,
    "1": 0.132788638147622,
    "2": 0.0903855108501744,
    "3": 0.051467572026158925,
    "4": 0.024516897362134957,
    "5": 0.00976999408591549
  },
  "pmf_support": {
    "count": 13,
    "max": 5,
    "min": -7
  },
  "smoothing": {
    "error_mean": -0.6555555555555556,
    "error_std": 2.367188257598787,
    "gaussian_mix": 1.0,
    "gaussian_support_std": null,
    "laplace_alpha": 0.0,
    "min_tail_prob": 0.01,
    "pure_gaussian": true,
    "use_tail_cutoff": true
  },
  "snapshot_hour_local": 18,
  "updated_at_utc": "2026-01-27T11:32:33.962998+00:00"
}