{
  "city_key": "SEAHIGH",
  "forecast_source": "mos_gfs_18z_archive",
  "month": 1,
  "n_samples": 91,
  "pmf_error": {
    "-1": 0.17582417582417584,
    "-2": 0.21978021978021978,
    "-3": 0.15384615384615385,
    "-4": 0.06593406593406594,
    "-5": 0.06593406593406594,
    "-6": 0.02197802197802198,
    "-8": 0.01098901098901099,
    "0": 0.0989010989010989,
    "1": 0.054945054945054944,
    "2": 0.06593406593406594,
    "3": 0.03296703296703297,
    "4": 0.01098901098901099,
    "5": 0.02197802197802198
  },
  "pmf_support": {
    "count": 13,
    "max": 5,
    "min": -8
  },
  "smoothing": {
    "error_mean": -1.4505494505494505,
    "error_std": 2.4236188375098644,
    "gaussian_mix": 0.0,
    "gaussian_support_std": 4.0,
    "laplace_alpha": 0.0,
    "min_tail_prob": null,
    "pure_gaussian": false,
    "use_tail_cutoff": false
  },
  "snapshot_hour_local": 18,
  "updated_at_utc": "2026-01-27T12:02:32.104053+00:00"
}