{
  "city_key": "SEAHIGH",
  "forecast_source": "mos_gfs_18z_archive",
  "month": 9,
  "n_samples": 90,
  "pmf_error": {
    "-1": 0.14635070159852484,
    "-2": 0.12594441729738318,
    "-3": 0.09428735391791838,
    "-4": 0.06140707174189985,
    "-5": 0.03479154717191881,
    "-6": 0.017148238298110786,
    "-7": 0.0073528497509515525,
    "-8": 0.0027427251385006737,
    "0": 0.14794527856562673,
    "1": 0.13010614973185916,
    "2": 0.0995370931525693,
    "3": 0.06624643257901079,
    "4": 0.03835574763544666,
    "5": 0.01931918594898173,
    "6": 0.008465207471297413
  },
  "pmf_support": {
    "count": 15,
    "max": 6,
    "min": -8
  },
  "smoothing": {
    "error_mean": -0.4222222222222222,
    "error_std": 2.679045343143203,
    "gaussian_mix": 1.0,
    "gaussian_support_std": null,
    "laplace_alpha": 0.0,
    "min_tail_prob": 0.01,
    "pure_gaussian": true,
    "use_tail_cutoff": true
  },
  "snapshot_hour_local": 18,
  "updated_at_utc": "2026-01-27T11:32:33.962998+00:00"
}