{
  "city_key": "SEAHIGH",
  "forecast_source": "mos_gfs_18z_archive",
  "month": 8,
  "n_samples": 93,
  "pmf_error": {
    "-1": 0.12903225806451613,
    "-10": 0.010752688172043012,
    "-2": 0.1935483870967742,
    "-3": 0.11827956989247312,
    "-4": 0.010752688172043012,
    "-5": 0.043010752688172046,
    "-6": 0.03225806451612903,
    "-8": 0.010752688172043012,
    "0": 0.12903225806451613,
    "1": 0.11827956989247312,
    "2": 0.0967741935483871,
    "3": 0.03225806451612903,
    "4": 0.03225806451612903,
    "5": 0.03225806451612903,
    "6": 0.010752688172043012
  },
  "pmf_support": {
    "count": 15,
    "max": 6,
    "min": -10
  },
  "smoothing": {
    "error_mean": -0.7526881720430108,
    "error_std": 2.8422916468914887,
    "gaussian_mix": 0.0,
    "gaussian_support_std": 4.0,
    "laplace_alpha": 0.0,
    "min_tail_prob": null,
    "pure_gaussian": false,
    "use_tail_cutoff": false
  },
  "snapshot_hour_local": 18,
  "updated_at_utc": "2026-01-27T12:02:32.104053+00:00"
}