{
  "city_key": "SEAHIGH",
  "forecast_source": "mos_gfs_18z_archive",
  "month": 12,
  "n_samples": 93,
  "pmf_error": {
    "-1": 0.13088923804659905,
    "-2": 0.10612296347192383,
    "-3": 0.07583700508921558,
    "-4": 0.04776605270555364,
    "-5": 0.02651697067508604,
    "-6": 0.012974625710217439,
    "-7": 0.005595412944887719,
    "-8": 0.0021268449154727234,
    "0": 0.14228688935963943,
    "1": 0.13633024200087981,
    "2": 0.11512930986179158,
    "3": 0.0856931233005904,
    "4": 0.05621761512258508,
    "5": 0.032506127827157415,
    "6": 0.016566258540050026,
    "7": 0.00744132042835027
  },
  "pmf_support": {
    "count": 16,
    "max": 7,
    "min": -8
  },
  "smoothing": {
    "error_mean": 0.16129032258064516,
    "error_std": 2.8142888961479446,
    "gaussian_mix": 1.0,
    "gaussian_support_std": null,
    "laplace_alpha": 0.0,
    "min_tail_prob": 0.01,
    "pure_gaussian": true,
    "use_tail_cutoff": true
  },
  "snapshot_hour_local": 18,
  "updated_at_utc": "2026-01-27T11:32:33.962998+00:00"
}