{
  "city_key": "SEAHIGH",
  "forecast_source": "mos_gfs_18z_archive",
  "month": 8,
  "n_samples": 93,
  "pmf_error": {
    "-1": 0.14069421497006612,
    "-2": 0.12826314592951046,
    "-3": 0.10331634843546872,
    "-4": 0.07353222751132035,
    "-5": 0.04624107369722844,
    "-6": 0.025693283591903694,
    "-7": 0.012613999944219466,
    "-8": 0.005471766452356234,
    "-9": 0.0020972190478895374,
    "0": 0.13636160580855541,
    "1": 0.11677489530851694,
    "2": 0.08835850919591604,
    "3": 0.059072967276254704,
    "4": 0.03489560291399043,
    "5": 0.018213530600363365,
    "6": 0.008399609316440047
  },
  "pmf_support": {
    "count": 16,
    "max": 6,
    "min": -9
  },
  "smoothing": {
    "error_mean": -0.7526881720430108,
    "error_std": 2.8422916468914887,
    "gaussian_mix": 1.0,
    "gaussian_support_std": null,
    "laplace_alpha": 0.0,
    "min_tail_prob": 0.01,
    "pure_gaussian": true,
    "use_tail_cutoff": true
  },
  "snapshot_hour_local": 18,
  "updated_at_utc": "2026-01-27T11:32:33.962998+00:00"
}