{
  "city_key": "SEAHIGH",
  "forecast_source": "mos_gfs_18z_archive",
  "month": 1,
  "n_samples": 91,
  "pmf_error": {
    "-1": 0.1623765010991812,
    "-2": 0.16101524807557108,
    "-3": 0.13467124635260505,
    "-4": 0.09500507405811048,
    "-5": 0.056530492573041526,
    "-6": 0.028371531905461992,
    "-7": 0.012010106253402543,
    "-8": 0.004288199291769945,
    "0": 0.13811581163093856,
    "1": 0.0990895071261741,
    "2": 0.059961982594437406,
    "3": 0.03060471553925478,
    "4": 0.013175428783939572,
    "5": 0.004784154716111759
  },
  "pmf_support": {
    "count": 14,
    "max": 5,
    "min": -8
  },
  "smoothing": {
    "error_mean": -1.4505494505494505,
    "error_std": 2.4236188375098644,
    "gaussian_mix": 1.0,
    "gaussian_support_std": null,
    "laplace_alpha": 0.0,
    "min_tail_prob": 0.01,
    "pure_gaussian": true,
    "use_tail_cutoff": true
  },
  "snapshot_hour_local": 18,
  "updated_at_utc": "2026-01-27T11:32:33.962998+00:00"
}