{
  "city_key": "SEAHIGH",
  "forecast_source": "mos_gfs_18z_archive",
  "month": 10,
  "n_samples": 93,
  "pmf_error": {
    "-1": 0.13963018212232245,
    "-2": 0.1102766912521472,
    "-3": 0.0752752162859329,
    "-4": 0.044410346276721295,
    "-5": 0.022645409023321277,
    "-6": 0.009980218319484459,
    "-7": 0.00380157686876785,
    "0": 0.15280541488131236,
    "1": 0.14453134582575367,
    "2": 0.11815421291237874,
    "3": 0.08348342125422661,
    "4": 0.05098179570664352,
    "5": 0.026908772096021685,
    "6": 0.01227542380662371,
    "7": 0.004839973368342232
  },
  "pmf_support": {
    "count": 15,
    "max": 7,
    "min": -7
  },
  "smoothing": {
    "error_mean": 0.11827956989247312,
    "error_std": 2.6185831446187717,
    "gaussian_mix": 1.0,
    "gaussian_support_std": null,
    "laplace_alpha": 0.0,
    "min_tail_prob": 0.01,
    "pure_gaussian": true,
    "use_tail_cutoff": true
  },
  "snapshot_hour_local": 18,
  "updated_at_utc": "2026-01-27T11:32:33.962998+00:00"
}