{
  "city_key": "SEAHIGH",
  "forecast_source": "mos_gfs_18z_archive",
  "month": 11,
  "n_samples": 90,
  "pmf_error": {
    "-1": 0.2,
    "-2": 0.1,
    "-3": 0.06666666666666667,
    "-4": 0.022222222222222223,
    "0": 0.18888888888888888,
    "1": 0.15555555555555556,
    "2": 0.12222222222222222,
    "3": 0.1,
    "4": 0.022222222222222223,
    "6": 0.022222222222222223
  },
  "pmf_support": {
    "count": 10,
    "max": 6,
    "min": -4
  },
  "smoothing": {
    "error_mean": 0.23333333333333334,
    "error_std": 2.0496612186190943,
    "gaussian_mix": 0.0,
    "gaussian_support_std": 4.0,
    "laplace_alpha": 0.0,
    "min_tail_prob": null,
    "pure_gaussian": false,
    "use_tail_cutoff": false
  },
  "snapshot_hour_local": 18,
  "updated_at_utc": "2026-01-27T12:02:32.104053+00:00"
}