{
  "city_key": "SEAHIGH",
  "forecast_source": "mos_gfs_18z_archive",
  "month": 2,
  "n_samples": 85,
  "pmf_error": {
    "-1": 0.16643388987266883,
    "-2": 0.14738826966982096,
    "-3": 0.10971998244636945,
    "-4": 0.06866101054903442,
    "-5": 0.03611904884375132,
    "-6": 0.0159721754302142,
    "-7": 0.005937361480074922,
    "-8": 0.0018553445034699253,
    "0": 0.15798732991766615,
    "1": 0.12606786776200768,
    "2": 0.084564523899631,
    "3": 0.04768410780862023,
    "4": 0.022602723208546772,
    "5": 0.009006364608124437
  },
  "pmf_support": {
    "count": 14,
    "max": 5,
    "min": -8
  },
  "smoothing": {
    "error_mean": -0.8,
    "error_std": 2.4,
    "gaussian_mix": 1.0,
    "gaussian_support_std": null,
    "laplace_alpha": 0.0,
    "min_tail_prob": 0.01,
    "pure_gaussian": true,
    "use_tail_cutoff": true
  },
  "snapshot_hour_local": 18,
  "updated_at_utc": "2026-01-27T11:32:33.962998+00:00"
}