{
  "city_key": "SEAHIGH",
  "forecast_source": "mos_gfs_18z_archive",
  "month": 5,
  "n_samples": 93,
  "pmf_error": {
    "-1": 0.1151882191017239,
    "-2": 0.08846250155308102,
    "-3": 0.060390973960824774,
    "-4": 0.036647682517866806,
    "-5": 0.019768907268308263,
    "-6": 0.009479391872698282,
    "-7": 0.004040545067185502,
    "0": 0.13332714408974577,
    "1": 0.13717998602444856,
    "2": 0.1254655795932628,
    "3": 0.10200468175084419,
    "4": 0.07371863385901763,
    "5": 0.047358301340007396,
    "6": 0.027044354493751654,
    "7": 0.013728364086077598,
    "8": 0.006194733421155957
  },
  "pmf_support": {
    "count": 16,
    "max": 8,
    "min": -7
  },
  "smoothing": {
    "error_mean": 0.7419354838709677,
    "error_std": 2.914196714441447,
    "gaussian_mix": 1.0,
    "gaussian_support_std": null,
    "laplace_alpha": 0.0,
    "min_tail_prob": 0.01,
    "pure_gaussian": true,
    "use_tail_cutoff": true
  },
  "snapshot_hour_local": 18,
  "updated_at_utc": "2026-01-27T11:32:33.962998+00:00"
}