{
  "city_key": "SEAHIGH",
  "forecast_source": "mos_gfs_18z_archive",
  "month": 7,
  "n_samples": 93,
  "pmf_error": {
    "-1": 0.17204301075268819,
    "-2": 0.06451612903225806,
    "-3": 0.10752688172043011,
    "-4": 0.021505376344086023,
    "-5": 0.010752688172043012,
    "-6": 0.010752688172043012,
    "-7": 0.021505376344086023,
    "0": 0.16129032258064516,
    "1": 0.11827956989247312,
    "2": 0.17204301075268819,
    "3": 0.053763440860215055,
    "4": 0.07526881720430108,
    "7": 0.010752688172043012
  },
  "pmf_support": {
    "count": 13,
    "max": 7,
    "min": -7
  },
  "smoothing": {
    "error_mean": 0.021505376344086023,
    "error_std": 2.5441414658698114,
    "gaussian_mix": 0.0,
    "gaussian_support_std": 4.0,
    "laplace_alpha": 0.0,
    "min_tail_prob": null,
    "pure_gaussian": false,
    "use_tail_cutoff": false
  },
  "snapshot_hour_local": 18,
  "updated_at_utc": "2026-01-27T12:02:32.104053+00:00"
}