{
  "city_key": "SEAHIGH",
  "forecast_source": "mos_gfs_18z_archive",
  "month": 3,
  "n_samples": 93,
  "pmf_error": {
    "-1": 0.1450507624257922,
    "-2": 0.10807257961103617,
    "-3": 0.06796958551825479,
    "-4": 0.03608422042000557,
    "-5": 0.016170506907839423,
    "-6": 0.006116930458928592,
    "-7": 0.0019532015214053363,
    "0": 0.16433426082771435,
    "1": 0.15715920282807125,
    "2": 0.1268688842632897,
    "3": 0.08645179710721711,
    "4": 0.049727489267675985,
    "5": 0.024144745990502765,
    "6": 0.00989583285226667
  },
  "pmf_support": {
    "count": 14,
    "max": 6,
    "min": -7
  },
  "smoothing": {
    "error_mean": 0.23655913978494625,
    "error_std": 2.4292033716212473,
    "gaussian_mix": 1.0,
    "gaussian_support_std": null,
    "laplace_alpha": 0.0,
    "min_tail_prob": 0.01,
    "pure_gaussian": true,
    "use_tail_cutoff": true
  },
  "snapshot_hour_local": 18,
  "updated_at_utc": "2026-01-27T11:32:33.962998+00:00"
}