{
  "city_key": "SEAHIGH",
  "forecast_source": "mos_gfs_18z_archive",
  "month": 4,
  "n_samples": 90,
  "pmf_error": {
    "-1": 0.12458056039168817,
    "-2": 0.10568378187022937,
    "-3": 0.08053299417273425,
    "-4": 0.055124768765949204,
    "-5": 0.033894337494690785,
    "-6": 0.01872039260806375,
    "-7": 0.009287743008769547,
    "-8": 0.004139166168459235,
    "0": 0.13191666048840067,
    "1": 0.12547478238536594,
    "2": 0.1072063939513847,
    "3": 0.0822796355510696,
    "4": 0.056724602981284754,
    "5": 0.03512837050986064,
    "6": 0.01954123371177456,
    "7": 0.009764575940274866
  },
  "pmf_support": {
    "count": 16,
    "max": 7,
    "min": -8
  },
  "smoothing": {
    "error_mean": 0.03333333333333333,
    "error_std": 3.053049477344105,
    "gaussian_mix": 1.0,
    "gaussian_support_std": null,
    "laplace_alpha": 0.0,
    "min_tail_prob": 0.01,
    "pure_gaussian": true,
    "use_tail_cutoff": true
  },
  "snapshot_hour_local": 18,
  "updated_at_utc": "2026-01-27T11:32:33.962998+00:00"
}