{
  "city_key": "SEAHIGH",
  "forecast_source": "mos_gfs_18z_archive",
  "month": 2,
  "n_samples": 85,
  "pmf_error": {
    "-1": 0.18823529411764706,
    "-2": 0.1411764705882353,
    "-3": 0.11764705882352941,
    "-4": 0.12941176470588237,
    "-5": 0.011764705882352941,
    "0": 0.16470588235294117,
    "1": 0.11764705882352941,
    "2": 0.03529411764705882,
    "3": 0.023529411764705882,
    "4": 0.047058823529411764,
    "6": 0.011764705882352941,
    "7": 0.011764705882352941
  },
  "pmf_support": {
    "count": 12,
    "max": 7,
    "min": -5
  },
  "smoothing": {
    "error_mean": -0.8,
    "error_std": 2.4,
    "gaussian_mix": 0.0,
    "gaussian_support_std": 4.0,
    "laplace_alpha": 0.0,
    "min_tail_prob": null,
    "pure_gaussian": false,
    "use_tail_cutoff": false
  },
  "snapshot_hour_local": 18,
  "updated_at_utc": "2026-01-27T12:02:32.104053+00:00"
}