{
  "city_key": "SEAHIGH",
  "forecast_source": "mos_gfs_18z_archive",
  "month": 7,
  "n_samples": 93,
  "pmf_error": {
    "-1": 0.14563333914342833,
    "-2": 0.11512580173904724,
    "-3": 0.07798080775872997,
    "-4": 0.04525910826081862,
    "-5": 0.022507510303433093,
    "-6": 0.009590740138828048,
    "-7": 0.003501708511049992,
    "0": 0.15785274862044524,
    "1": 0.14660429408912062,
    "2": 0.11666603420403862,
    "3": 0.07955095192920555,
    "4": 0.04647822435905701,
    "5": 0.023267883285608526,
    "6": 0.009980847657189188
  },
  "pmf_support": {
    "count": 14,
    "max": 6,
    "min": -7
  },
  "smoothing": {
    "error_mean": 0.021505376344086023,
    "error_std": 2.5441414658698114,
    "gaussian_mix": 1.0,
    "gaussian_support_std": null,
    "laplace_alpha": 0.0,
    "min_tail_prob": 0.01,
    "pure_gaussian": true,
    "use_tail_cutoff": true
  },
  "snapshot_hour_local": 18,
  "updated_at_utc": "2026-01-27T11:32:33.962998+00:00"
}