{
  "city_key": "SEAHIGH",
  "forecast_source": "mos_gfs_18z_archive",
  "month": 4,
  "n_samples": 90,
  "pmf_error": {
    "-1": 0.2,
    "-2": 0.14444444444444443,
    "-3": 0.044444444444444446,
    "-4": 0.08888888888888889,
    "-5": 0.011111111111111112,
    "-9": 0.011111111111111112,
    "0": 0.1,
    "1": 0.13333333333333333,
    "10": 0.011111111111111112,
    "2": 0.08888888888888889,
    "3": 0.07777777777777778,
    "4": 0.044444444444444446,
    "7": 0.03333333333333333,
    "9": 0.011111111111111112
  },
  "pmf_support": {
    "count": 14,
    "max": 10,
    "min": -9
  },
  "smoothing": {
    "error_mean": 0.03333333333333333,
    "error_std": 3.053049477344105,
    "gaussian_mix": 0.0,
    "gaussian_support_std": 4.0,
    "laplace_alpha": 0.0,
    "min_tail_prob": null,
    "pure_gaussian": false,
    "use_tail_cutoff": false
  },
  "snapshot_hour_local": 18,
  "updated_at_utc": "2026-01-27T12:02:32.104053+00:00"
}