{
  "city_key": "SFOHIGH",
  "forecast_source": "mos_gfs_18z_archive",
  "month": 7,
  "n_samples": 93,
  "pmf_error": {
    "-1": 0.12762510665485302,
    "-10": 0.0027554408635996693,
    "-2": 0.1252046505345341,
    "-3": 0.11094635076686724,
    "-4": 0.08880017119388876,
    "-5": 0.06419819289477208,
    "-6": 0.041921809775712894,
    "-7": 0.024726660271527406,
    "-8": 0.013173437649122604,
    "-9": 0.006339295520267345,
    "0": 0.11750598707399344,
    "1": 0.09772194252010277,
    "2": 0.07340614325683315,
    "3": 0.04980591715719877,
    "4": 0.03052373652460488,
    "5": 0.016896730209469715,
    "6": 0.008448427132652241
  },
  "pmf_support": {
    "count": 17,
    "max": 6,
    "min": -10
  },
  "smoothing": {
    "error_mean": -1.3118279569892473,
    "error_std": 3.1348834919396307,
    "gaussian_mix": 1.0,
    "gaussian_support_std": null,
    "laplace_alpha": 0.0,
    "min_tail_prob": 0.01,
    "pure_gaussian": true,
    "use_tail_cutoff": true
  },
  "snapshot_hour_local": 18,
  "updated_at_utc": "2026-01-27T11:32:33.962998+00:00"
}