{
  "city_key": "SFOHIGH",
  "forecast_source": "mos_gfs_18z_archive",
  "month": 5,
  "n_samples": 93,
  "pmf_error": {
    "-1": 0.11845924964515302,
    "-2": 0.0984350022114177,
    "-3": 0.07375834730720357,
    "-4": 0.04983722384051816,
    "-5": 0.030365298232654436,
    "-6": 0.016683313209057384,
    "-7": 0.00826548037630195,
    "-8": 0.003692622729514028,
    "0": 0.12854921914633355,
    "1": 0.12579140041085032,
    "2": 0.11099757859383554,
    "3": 0.08831960154634663,
    "4": 0.06336971310510472,
    "5": 0.04100033681047983,
    "6": 0.023920714705821328,
    "7": 0.012584672614098133,
    "8": 0.0059702255153097844
  },
  "pmf_support": {
    "count": 17,
    "max": 8,
    "min": -8
  },
  "smoothing": {
    "error_mean": 0.2903225806451613,
    "error_std": 3.109405243967171,
    "gaussian_mix": 1.0,
    "gaussian_support_std": null,
    "laplace_alpha": 0.0,
    "min_tail_prob": 0.01,
    "pure_gaussian": true,
    "use_tail_cutoff": true
  },
  "snapshot_hour_local": 18,
  "updated_at_utc": "2026-01-27T11:32:33.962998+00:00"
}