{
  "city_key": "SFOHIGH",
  "forecast_source": "mos_gfs_18z_archive",
  "month": 6,
  "n_samples": 90,
  "pmf_error": {
    "-1": 0.14288330661024334,
    "-2": 0.12918506315374143,
    "-3": 0.10279240788961476,
    "-4": 0.07198262910443347,
    "-5": 0.04436212059555981,
    "-6": 0.024061063495449554,
    "-7": 0.01148511288376701,
    "-8": 0.004824737002826178,
    "0": 0.1390812579882202,
    "1": 0.11914440592814539,
    "2": 0.08982487673983716,
    "3": 0.05959880220510478,
    "4": 0.03480137161456566,
    "5": 0.017884348260824946,
    "6": 0.008088496527666189
  },
  "pmf_support": {
    "count": 15,
    "max": 6,
    "min": -8
  },
  "smoothing": {
    "error_mean": -0.7111111111111111,
    "error_std": 2.797794545885679,
    "gaussian_mix": 1.0,
    "gaussian_support_std": null,
    "laplace_alpha": 0.0,
    "min_tail_prob": 0.01,
    "pure_gaussian": true,
    "use_tail_cutoff": true
  },
  "snapshot_hour_local": 18,
  "updated_at_utc": "2026-01-27T11:32:33.962998+00:00"
}