{
  "city_key": "SFOHIGH",
  "forecast_source": "mos_gfs_18z_archive",
  "month": 10,
  "n_samples": 93,
  "pmf_error": {
    "-1": 0.1031818870131424,
    "-2": 0.07363465612870584,
    "-3": 0.04647597281234075,
    "-4": 0.025944311136366447,
    "-5": 0.012809236020829796,
    "-6": 0.005593346717517502,
    "-7": 0.0021601687696556618,
    "0": 0.12787689959836018,
    "1": 0.1401677684800463,
    "2": 0.13588504089162406,
    "3": 0.11650982999415666,
    "4": 0.08835292193907392,
    "5": 0.05925795965049875,
    "6": 0.03515117931895981,
    "7": 0.018441682272066696,
    "8": 0.0085571392566553
  },
  "pmf_support": {
    "count": 16,
    "max": 8,
    "min": -7
  },
  "smoothing": {
    "error_mean": 1.2473118279569892,
    "error_std": 2.853618393377326,
    "gaussian_mix": 1.0,
    "gaussian_support_std": null,
    "laplace_alpha": 0.0,
    "min_tail_prob": 0.01,
    "pure_gaussian": true,
    "use_tail_cutoff": true
  },
  "snapshot_hour_local": 18,
  "updated_at_utc": "2026-01-27T11:32:33.962998+00:00"
}