{
  "city_key": "SFOHIGH",
  "forecast_source": "mos_gfs_18z_archive",
  "month": 3,
  "n_samples": 93,
  "pmf_error": {
    "-1": 0.12038184324152125,
    "-2": 0.08405984851771074,
    "-3": 0.050411804710940505,
    "-4": 0.02596521453358813,
    "-5": 0.011485968296016738,
    "-6": 0.004363744747227838,
    "0": 0.14806397430486923,
    "1": 0.15640615655064025,
    "2": 0.14189735934449918,
    "3": 0.11056325370907306,
    "4": 0.07398834894485692,
    "5": 0.042523782610817934,
    "6": 0.020990194862318966,
    "7": 0.008898505625919338
  },
  "pmf_support": {
    "count": 14,
    "max": 7,
    "min": -6
  },
  "smoothing": {
    "error_mean": 0.8602150537634409,
    "error_std": 2.5635635389566622,
    "gaussian_mix": 1.0,
    "gaussian_support_std": null,
    "laplace_alpha": 0.0,
    "min_tail_prob": 0.01,
    "pure_gaussian": true,
    "use_tail_cutoff": true
  },
  "snapshot_hour_local": 18,
  "updated_at_utc": "2026-01-27T11:32:33.962998+00:00"
}