{
  "city_key": "SFOHIGH",
  "forecast_source": "mos_gfs_18z_archive",
  "month": 6,
  "n_samples": 90,
  "pmf_error": {
    "-1": 0.17777777777777778,
    "-2": 0.16666666666666666,
    "-3": 0.12222222222222222,
    "-4": 0.06666666666666667,
    "-5": 0.05555555555555555,
    "-6": 0.011111111111111112,
    "0": 0.12222222222222222,
    "1": 0.08888888888888889,
    "10": 0.011111111111111112,
    "2": 0.07777777777777778,
    "3": 0.05555555555555555,
    "4": 0.011111111111111112,
    "6": 0.022222222222222223,
    "7": 0.011111111111111112
  },
  "pmf_support": {
    "count": 14,
    "max": 10,
    "min": -6
  },
  "smoothing": {
    "error_mean": -0.7111111111111111,
    "error_std": 2.797794545885679,
    "gaussian_mix": 0.0,
    "gaussian_support_std": 4.0,
    "laplace_alpha": 0.0,
    "min_tail_prob": null,
    "pure_gaussian": false,
    "use_tail_cutoff": false
  },
  "snapshot_hour_local": 18,
  "updated_at_utc": "2026-01-27T12:02:32.104053+00:00"
}