{
  "city_key": "SFOHIGH",
  "forecast_source": "mos_gfs_18z_archive",
  "month": 11,
  "n_samples": 90,
  "pmf_error": {
    "-1": 0.11267838590760329,
    "-2": 0.08585784454149152,
    "-3": 0.05822666687805166,
    "-4": 0.035145235965015356,
    "-5": 0.0188805039258056,
    "-6": 0.009027412429226384,
    "-7": 0.0038416303301396213,
    "0": 0.13161453013574262,
    "1": 0.13682631880622514,
    "2": 0.1266012613215477,
    "3": 0.10425790815713783,
    "4": 0.07641569475259731,
    "5": 0.049849259301628,
    "6": 0.028942593029109585,
    "7": 0.014956113449076916,
    "8": 0.0068786410696014995
  },
  "pmf_support": {
    "count": 16,
    "max": 8,
    "min": -7
  },
  "smoothing": {
    "error_mean": 0.8333333333333334,
    "error_std": 2.9297326385411577,
    "gaussian_mix": 1.0,
    "gaussian_support_std": null,
    "laplace_alpha": 0.0,
    "min_tail_prob": 0.01,
    "pure_gaussian": true,
    "use_tail_cutoff": true
  },
  "snapshot_hour_local": 18,
  "updated_at_utc": "2026-01-27T11:32:33.962998+00:00"
}