{
  "city_key": "SFOHIGH",
  "forecast_source": "mos_gfs_18z_archive",
  "month": 3,
  "n_samples": 93,
  "pmf_error": {
    "-1": 0.0967741935483871,
    "-2": 0.11827956989247312,
    "-3": 0.03225806451612903,
    "-4": 0.021505376344086023,
    "-5": 0.010752688172043012,
    "-6": 0.010752688172043012,
    "0": 0.17204301075268819,
    "1": 0.10752688172043011,
    "2": 0.17204301075268819,
    "3": 0.12903225806451613,
    "4": 0.053763440860215055,
    "5": 0.03225806451612903,
    "6": 0.021505376344086023,
    "7": 0.021505376344086023
  },
  "pmf_support": {
    "count": 14,
    "max": 7,
    "min": -6
  },
  "smoothing": {
    "error_mean": 0.8602150537634409,
    "error_std": 2.5635635389566622,
    "gaussian_mix": 0.0,
    "gaussian_support_std": 4.0,
    "laplace_alpha": 0.0,
    "min_tail_prob": null,
    "pure_gaussian": false,
    "use_tail_cutoff": false
  },
  "snapshot_hour_local": 18,
  "updated_at_utc": "2026-01-27T12:02:32.104053+00:00"
}