{
  "city_key": "SFOHIGH",
  "forecast_source": "mos_gfs_18z_archive",
  "month": 2,
  "n_samples": 85,
  "pmf_error": {
    "-1": 0.12941176470588237,
    "-2": 0.07058823529411765,
    "-3": 0.047058823529411764,
    "-4": 0.03529411764705882,
    "0": 0.10588235294117647,
    "1": 0.18823529411764706,
    "10": 0.011764705882352941,
    "2": 0.03529411764705882,
    "3": 0.11764705882352941,
    "4": 0.08235294117647059,
    "5": 0.047058823529411764,
    "6": 0.047058823529411764,
    "7": 0.023529411764705882,
    "8": 0.03529411764705882,
    "9": 0.023529411764705882
  },
  "pmf_support": {
    "count": 15,
    "max": 10,
    "min": -4
  },
  "smoothing": {
    "error_mean": 1.6823529411764706,
    "error_std": 3.261943717572238,
    "gaussian_mix": 0.0,
    "gaussian_support_std": 4.0,
    "laplace_alpha": 0.0,
    "min_tail_prob": null,
    "pure_gaussian": false,
    "use_tail_cutoff": false
  },
  "snapshot_hour_local": 18,
  "updated_at_utc": "2026-01-27T12:02:32.104053+00:00"
}