{
  "city_key": "SFOHIGH",
  "forecast_source": "mos_gfs_18z_archive",
  "month": 9,
  "n_samples": 90,
  "pmf_error": {
    "-1": 0.11429321632491196,
    "-2": 0.0954208117228704,
    "-3": 0.07232324339010571,
    "-4": 0.04976509263468496,
    "-5": 0.031087362303245023,
    "-6": 0.01763011185189313,
    "-7": 0.009076917659372966,
    "-8": 0.004242617305647311,
    "0": 0.12428248755582125,
    "1": 0.12269067484254817,
    "2": 0.1099576142617453,
    "3": 0.08946459428777587,
    "4": 0.06608291930861569,
    "5": 0.04431383935980493,
    "6": 0.026977498240707252,
    "7": 0.014909947077030552,
    "8": 0.007481051873219544
  },
  "pmf_support": {
    "count": 17,
    "max": 8,
    "min": -8
  },
  "smoothing": {
    "error_mean": 0.36666666666666664,
    "error_std": 3.216105305075276,
    "gaussian_mix": 1.0,
    "gaussian_support_std": null,
    "laplace_alpha": 0.0,
    "min_tail_prob": 0.01,
    "pure_gaussian": true,
    "use_tail_cutoff": true
  },
  "snapshot_hour_local": 18,
  "updated_at_utc": "2026-01-27T11:32:33.962998+00:00"
}