{
  "city_key": "SFOHIGH",
  "forecast_source": "mos_gfs_18z_archive",
  "month": 8,
  "n_samples": 93,
  "pmf_error": {
    "-1": 0.10230502751623023,
    "-2": 0.08992151547872272,
    "-3": 0.07350946047651152,
    "-4": 0.05589022133015179,
    "-5": 0.039522226270984805,
    "-6": 0.02599321192053059,
    "-7": 0.015899793044269594,
    "-8": 0.009045570689876046,
    "-9": 0.0047862287255653535,
    "0": 0.10825384032914905,
    "1": 0.1065375300702181,
    "2": 0.09751578308241438,
    "3": 0.08301568920119698,
    "4": 0.06572921105873418,
    "5": 0.04840270553516604,
    "6": 0.033150786208853714,
    "7": 0.021116940880602605,
    "8": 0.012510686805715128,
    "9": 0.006893571375107311
  },
  "pmf_support": {
    "count": 19,
    "max": 9,
    "min": -9
  },
  "smoothing": {
    "error_mean": 0.27956989247311825,
    "error_std": 3.71386704354882,
    "gaussian_mix": 1.0,
    "gaussian_support_std": null,
    "laplace_alpha": 0.0,
    "min_tail_prob": 0.01,
    "pure_gaussian": true,
    "use_tail_cutoff": true
  },
  "snapshot_hour_local": 18,
  "updated_at_utc": "2026-01-27T11:32:33.962998+00:00"
}