{
  "city_key": "SFOHIGH",
  "forecast_source": "mos_gfs_18z_archive",
  "month": 1,
  "n_samples": 91,
  "pmf_error": {
    "-1": 0.13186813186813187,
    "-2": 0.12087912087912088,
    "-3": 0.0989010989010989,
    "-4": 0.054945054945054944,
    "-5": 0.02197802197802198,
    "-6": 0.02197802197802198,
    "-7": 0.02197802197802198,
    "0": 0.23076923076923078,
    "1": 0.0989010989010989,
    "10": 0.01098901098901099,
    "2": 0.07692307692307693,
    "3": 0.01098901098901099,
    "4": 0.04395604395604396,
    "5": 0.04395604395604396,
    "8": 0.01098901098901099
  },
  "pmf_support": {
    "count": 15,
    "max": 10,
    "min": -7
  },
  "smoothing": {
    "error_mean": -0.4065934065934066,
    "error_std": 2.957493823121644,
    "gaussian_mix": 0.0,
    "gaussian_support_std": 4.0,
    "laplace_alpha": 0.0,
    "min_tail_prob": null,
    "pure_gaussian": false,
    "use_tail_cutoff": false
  },
  "snapshot_hour_local": 18,
  "updated_at_utc": "2026-01-27T12:02:32.104053+00:00"
}