{
  "city_key": "SFOHIGH",
  "forecast_source": "mos_gfs_18z_archive",
  "month": 2,
  "n_samples": 85,
  "pmf_error": {
    "-1": 0.08813456791854736,
    "-2": 0.06535142771334283,
    "-3": 0.04411109020294864,
    "-4": 0.027103439927125456,
    "-5": 0.015159502486430762,
    "-6": 0.007718437541881744,
    "-7": 0.003577319674585645,
    "0": 0.10819853757889858,
    "1": 0.12091506490237916,
    "2": 0.12300516478500176,
    "3": 0.1139069418821199,
    "4": 0.09601983355006247,
    "5": 0.07368101783795204,
    "6": 0.05146763303858164,
    "7": 0.03272628335412544,
    "8": 0.018942752641040138,
    "9": 0.009980984964976522
  },
  "pmf_support": {
    "count": 17,
    "max": 9,
    "min": -7
  },
  "smoothing": {
    "error_mean": 1.6823529411764706,
    "error_std": 3.261943717572238,
    "gaussian_mix": 1.0,
    "gaussian_support_std": null,
    "laplace_alpha": 0.0,
    "min_tail_prob": 0.01,
    "pure_gaussian": true,
    "use_tail_cutoff": true
  },
  "snapshot_hour_local": 18,
  "updated_at_utc": "2026-01-27T11:32:33.962998+00:00"
}