{
  "city_key": "SFOHIGH",
  "forecast_source": "mos_gfs_18z_archive",
  "month": 4,
  "n_samples": 90,
  "pmf_error": {
    "-1": 0.08888888888888889,
    "-2": 0.07777777777777778,
    "-3": 0.022222222222222223,
    "-4": 0.05555555555555555,
    "-5": 0.03333333333333333,
    "-6": 0.011111111111111112,
    "-7": 0.011111111111111112,
    "0": 0.14444444444444443,
    "1": 0.14444444444444443,
    "10": 0.011111111111111112,
    "12": 0.011111111111111112,
    "2": 0.16666666666666666,
    "3": 0.1111111111111111,
    "4": 0.044444444444444446,
    "5": 0.05555555555555555,
    "8": 0.011111111111111112
  },
  "pmf_support": {
    "count": 16,
    "max": 12,
    "min": -7
  },
  "smoothing": {
    "error_mean": 0.7555555555555555,
    "error_std": 3.1668810843587316,
    "gaussian_mix": 0.0,
    "gaussian_support_std": 4.0,
    "laplace_alpha": 0.0,
    "min_tail_prob": null,
    "pure_gaussian": false,
    "use_tail_cutoff": false
  },
  "snapshot_hour_local": 18,
  "updated_at_utc": "2026-01-27T12:02:32.104053+00:00"
}