{
  "city_key": "SFOHIGH",
  "forecast_source": "mos_gfs_18z_archive",
  "month": 8,
  "n_samples": 93,
  "pmf_error": {
    "-1": 0.07526881720430108,
    "-2": 0.13978494623655913,
    "-3": 0.12903225806451613,
    "-4": 0.06451612903225806,
    "-5": 0.043010752688172046,
    "-6": 0.021505376344086023,
    "0": 0.08602150537634409,
    "1": 0.07526881720430108,
    "10": 0.010752688172043012,
    "11": 0.010752688172043012,
    "13": 0.010752688172043012,
    "2": 0.10752688172043011,
    "3": 0.08602150537634409,
    "4": 0.043010752688172046,
    "5": 0.053763440860215055,
    "6": 0.03225806451612903,
    "7": 0.010752688172043012
  },
  "pmf_support": {
    "count": 17,
    "max": 13,
    "min": -6
  },
  "smoothing": {
    "error_mean": 0.27956989247311825,
    "error_std": 3.71386704354882,
    "gaussian_mix": 0.0,
    "gaussian_support_std": 4.0,
    "laplace_alpha": 0.0,
    "min_tail_prob": null,
    "pure_gaussian": false,
    "use_tail_cutoff": false
  },
  "snapshot_hour_local": 18,
  "updated_at_utc": "2026-01-27T12:02:32.104053+00:00"
}