{
  "city_key": "SFOHIGH",
  "forecast_source": "mos_gfs_18z_archive",
  "month": 1,
  "n_samples": 91,
  "pmf_error": {
    "-1": 0.1330817728218519,
    "-2": 0.11744344158778844,
    "-3": 0.09244575546738223,
    "-4": 0.06490724815538257,
    "-5": 0.04064877223703594,
    "-6": 0.02270647313110505,
    "-7": 0.011313577283443206,
    "-8": 0.005028034251099096,
    "0": 0.13451056608401207,
    "1": 0.12126688944473987,
    "2": 0.09751604742654747,
    "3": 0.0699452064853411,
    "4": 0.044749464011693114,
    "5": 0.025536756409262586,
    "6": 0.01299845228819799,
    "7": 0.005901542915117258
  },
  "pmf_support": {
    "count": 16,
    "max": 7,
    "min": -8
  },
  "smoothing": {
    "error_mean": -0.4065934065934066,
    "error_std": 2.957493823121644,
    "gaussian_mix": 1.0,
    "gaussian_support_std": null,
    "laplace_alpha": 0.0,
    "min_tail_prob": 0.01,
    "pure_gaussian": true,
    "use_tail_cutoff": true
  },
  "snapshot_hour_local": 18,
  "updated_at_utc": "2026-01-27T11:32:33.962998+00:00"
}