{
  "city_key": "SFOHIGH",
  "forecast_source": "mos_gfs_18z_archive",
  "month": 12,
  "n_samples": 93,
  "pmf_error": {
    "-1": 0.09722550883190938,
    "-10": 0.010707362216045391,
    "-11": 0.006263052126416372,
    "-12": 0.0034562195707237347,
    "-2": 0.09604568389315624,
    "-3": 0.08951323419576429,
    "-4": 0.07870610334625079,
    "-5": 0.0652891990914787,
    "-6": 0.05109589818380361,
    "-7": 0.03772615123737509,
    "-8": 0.026279114799047567,
    "-9": 0.017269936066701512,
    "0": 0.09285266287460843,
    "1": 0.08366046394018421,
    "2": 0.07111446401316321,
    "3": 0.05703052645676441,
    "4": 0.04314878658695199,
    "5": 0.030799350681992625,
    "6": 0.02074083809120474,
    "7": 0.013177190026070701,
    "8": 0.007898253770386858
  },
  "pmf_support": {
    "count": 21,
    "max": 8,
    "min": -12
  },
  "smoothing": {
    "error_mean": -1.2903225806451613,
    "error_std": 4.1441256394198005,
    "gaussian_mix": 1.0,
    "gaussian_support_std": null,
    "laplace_alpha": 0.0,
    "min_tail_prob": 0.01,
    "pure_gaussian": true,
    "use_tail_cutoff": true
  },
  "snapshot_hour_local": 18,
  "updated_at_utc": "2026-01-27T11:32:33.962998+00:00"
}