{
  "city_key": "SFOHIGH",
  "forecast_source": "mos_gfs_18z_archive",
  "month": 4,
  "n_samples": 90,
  "pmf_error": {
    "-1": 0.10897920345272614,
    "-2": 0.08703033878242271,
    "-3": 0.0629063429595627,
    "-4": 0.041154271844528405,
    "-5": 0.024368686733784138,
    "-6": 0.013060086321219088,
    "-7": 0.006335146892038191,
    "-8": 0.0027814038435724415,
    "0": 0.123513180135845,
    "1": 0.1267008993828374,
    "2": 0.11763669406106186,
    "3": 0.09885591124879373,
    "4": 0.07518984609522555,
    "5": 0.0517621691209012,
    "6": 0.0322524312590821,
    "7": 0.018189014474801396,
    "8": 0.009284373391598046
  },
  "pmf_support": {
    "count": 17,
    "max": 8,
    "min": -8
  },
  "smoothing": {
    "error_mean": 0.7555555555555555,
    "error_std": 3.1668810843587316,
    "gaussian_mix": 1.0,
    "gaussian_support_std": null,
    "laplace_alpha": 0.0,
    "min_tail_prob": 0.01,
    "pure_gaussian": true,
    "use_tail_cutoff": true
  },
  "snapshot_hour_local": 18,
  "updated_at_utc": "2026-01-27T11:32:33.962998+00:00"
}