{
  "city_key": "SFOHIGH",
  "forecast_source": "mos_gfs_18z_archive",
  "month": 10,
  "n_samples": 93,
  "pmf_error": {
    "-1": 0.06451612903225806,
    "-2": 0.07526881720430108,
    "-3": 0.021505376344086023,
    "-6": 0.021505376344086023,
    "-8": 0.010752688172043012,
    "-9": 0.010752688172043012,
    "0": 0.17204301075268819,
    "1": 0.08602150537634409,
    "2": 0.20430107526881722,
    "3": 0.13978494623655913,
    "4": 0.11827956989247312,
    "5": 0.021505376344086023,
    "6": 0.03225806451612903,
    "7": 0.021505376344086023
  },
  "pmf_support": {
    "count": 14,
    "max": 7,
    "min": -9
  },
  "smoothing": {
    "error_mean": 1.2473118279569892,
    "error_std": 2.853618393377326,
    "gaussian_mix": 0.0,
    "gaussian_support_std": 4.0,
    "laplace_alpha": 0.0,
    "min_tail_prob": null,
    "pure_gaussian": false,
    "use_tail_cutoff": false
  },
  "snapshot_hour_local": 18,
  "updated_at_utc": "2026-01-27T12:02:32.104053+00:00"
}