{
  "city_key": "SFOHIGH",
  "forecast_source": "mos_gfs_18z_archive",
  "month": 7,
  "n_samples": 93,
  "pmf_error": {
    "-1": 0.13978494623655913,
    "-11": 0.010752688172043012,
    "-2": 0.13978494623655913,
    "-3": 0.043010752688172046,
    "-4": 0.11827956989247312,
    "-5": 0.043010752688172046,
    "-6": 0.03225806451612903,
    "-7": 0.021505376344086023,
    "-8": 0.03225806451612903,
    "0": 0.11827956989247312,
    "1": 0.11827956989247312,
    "2": 0.08602150537634409,
    "3": 0.06451612903225806,
    "4": 0.021505376344086023,
    "7": 0.010752688172043012
  },
  "pmf_support": {
    "count": 15,
    "max": 7,
    "min": -11
  },
  "smoothing": {
    "error_mean": -1.3118279569892473,
    "error_std": 3.1348834919396307,
    "gaussian_mix": 0.0,
    "gaussian_support_std": 4.0,
    "laplace_alpha": 0.0,
    "min_tail_prob": null,
    "pure_gaussian": false,
    "use_tail_cutoff": false
  },
  "snapshot_hour_local": 18,
  "updated_at_utc": "2026-01-27T12:02:32.104053+00:00"
}