{
  "generated_at": "2026-01-28T04:50:02.284378Z",
  "props": {
    "total_trades": 10,
    "avg_edge": 0.16652591313366813
  },
  "weather": {
    "total_trades": 29,
    "record": "0W-0L",
    "roi": 0,
    "avg_ev": 0.14936060679058194
  }
}