{
  "generated_at": "2026-01-28T19:27:37.024554Z",
  "props": {
    "total_trades": 10,
    "avg_edge": 0.1384202262564805,
    "record": "3W-5L",
    "roi": 1.694915254237288
  },
  "weather": {
    "total_trades": 39,
    "record": "8W-21L",
    "roi": -26.199261992619927,
    "avg_ev": 0.16099100689520449
  },
  "sports": {
    "total_trades": 4,
    "avg_edge": 0.13550087139903577,
    "record": "0W-0L",
    "roi": 0
  }
}