{
  "generated_at": "2026-01-28T09:39:48.525591Z",
  "props": {
    "total_trades": 10,
    "avg_edge": 0.16652591313366813
  },
  "weather": {
    "total_trades": 39,
    "record": "0W-0L",
    "roi": 0,
    "avg_ev": 0.16099100689520449
  }
}