{
  "generated_at": "2026-01-28T02:07:14.062080Z",
  "props": {
    "total_trades": 8,
    "avg_edge": 0.09404905845968918
  },
  "weather": {
    "total_trades": 29,
    "record": "0W-0L",
    "roi": 0,
    "avg_ev": 0.14936060679058194
  }
}