{
  "generated_at": "2026-01-28T00:45:48.570216Z",
  "props": {
    "total_trades": 6,
    "avg_edge": 0.05505593315093951
  },
  "weather": {
    "total_trades": 29,
    "record": "0W-0L",
    "roi": -100.0,
    "avg_ev": 0.14936060679058194
  }
}